sylheti,bangla
অ,ওহে
অইছে,হয়েছে
অইতল বইতল,মর্যাদাহীন
অইতো নায়,হবে না
অইজ্ঞান,অজ্ঞান
অইদ্দ,অদ্য
অইদ্দ মৈদ্দ,ইদানীং
অইন,হন
অইন্যা চোখ,হরিণের মতো চোখ
অইন্নোর,"হরিণের,অন্যের"
অইবা,হওয়ার মতো
অইল,হয়েছে
অইল ভাত,পাক হয়েছে যে ভাত
অইগেছে,হয়ে গেছে
অইগেলেগি,হয়ে গেলে
অইযারগি,হয়ে যাচ্ছে
অই যাইবো,হয়ে যাবে
অইলো বাদে,শেষ হলে
অইক্ষর,অক্ষর
অউ,"এখন,এই"
অউখানতা,"ঐ জিনিসটি, এই বিষয়ে"
অউখটা,একটা
অউগলাত,আড়ালে
অউটা,ঐটা
অউদিনো,ঐ দিনে
অউরা বেটি,গর্ভবতী মহিলা
অউফাকো,"এ ফাঁকে, এ সুযোগে"
অউলও,এই নাও
অউলা,এভাবে
অওরি,গর্ভবতী
অক্কয়,"নিশ্চিত, নির্ঘাত"
অক্করে,একদম
অকত,ওয়াক্ত
অকতিয়া,যথাকালীন
অকতে জরুর,নিতান্ত  প্রয়োজনীয়
অকুপ,বিবেক
অকামা,অকর্মা
অকালর ছাবাল,বৃদ্ধের সন্তান
অকাজরভেট,অপদার্থ
অখঅখ,ব্যথা
অখন,এখন
অখনকু,এখন
অখনকুর,"এখনকার, বর্তমানের"
অখন তখন,মুমূর্ষু অবস্থা
অখনে খওয়াও,এখন খুলে ফেলো
অখাবখা,নির্বোধ
অখানো,এই স্থানে
অখানতা,এ জিনিসটি
অখানতাত,"এখানে, ঐখানে"
অখানতো,এখান থেকে
অগন,এখন
অগণা,গণনাবিহীন
অগগুর,অঘোর
অগু,"ঐটা,ওটা"
অগুইন,ঐগুলি
অগুইন্তা,ঐগুলি
অগুতা,"ঐটা,ওটা"
অগুর,গভীর
অগুরে,তাঁকে
অঘোইসাগ,অমৃত সাগর
অঙ্গার,কয়লা
অচম্বিত,বিস্মিত
অচিন,অচেনা
অছরো,অস্ত্র
অছাছ,স্বাদ
অছার,অসাড়
অছোরিদ,প্রচুর
অজ,হজ্ব
অজভুত,অদ্ভুত
অজম,হজম
অজমি,হজমি
অজর,অজুহাত
অজানিবর,অচেনা
অজোম্বর,"মোটা-সোটা, বৃহৎ,বৃক্ষ,গাছ"
অট্টা জেরাম,"বাগবিতন্ডা, তর্ক"
অটাল,অঢেল
অঠকারে,"ঠাহর না করে,না চিনে"
অঠোটক্কা,অকস্মাৎ
অডকিদি,ঐ ধারে
অঢাল,অঢেল
অতৈত,"ইহাতে,এতে"
অততা,"অনেক,বেশি পরিমাণ"
অতলা,অতগুলো
অতলি,"এতটুকু,সামান্য পরিমাণ"
অতা,"ঐটা,ঐ রকম,ঐ জিনিস"
অতাদি,"এটা দিয়ে, এসব দিয়ে"
অতারেদি,"ওকে দিয়ে, ওদেরকে দিয়ে"
অতা মাতামাতি,এইসব কথা কাটাকাটি
অতাহথা,এই সেই
অত বেইল,"এতবেলা, দীর্ঘক্ষণ"
অত্যাগত,আসা-যাওয়া
অতিল,একটু সময়
অতুগুনি,ছোট
অথঅতি,হাতাহাতি
অদ,অংশ
অদরকারি,নিষ্প্রয়োজন
অদারু,বিনা ঔষধ
অধরা,ধরার বাহিরে
অধুয়া,সীমান্ত রক্ষাকারী
অধো,সীমায়
অধোপতি,"নষ্ট,কুপথে যাওয়া"
অনকু,এখন
অনতনে,এখান থেকে
অনতলস,অস্বস্তি
অন্ধলায়,অন্ধজন
অনচিলা,অপরিচিত
অনবোলা,যার ভাষা নাই
অনিল,জনহীন
অনিশটি,অনিষ্ট
অনে,এখন
অনেকুনি,বর্তমানে কি
অনো,এখানে
অনোউবা,এখানে দাঁড়া
অনোকুটি,অন্যান্য
অন্না,এক ধরনের বেত
অন্যমুখা,অন্যদিকে
অনজাম,"আঞ্জাম, আয়োজন"
অনুগরো,অনুগ্রহ
অপডন্ড মরা,অপমৃত্যু
অপমানি,অপমান
অপরা,অপয়া
অপরোক্ষ,অগোচরে
অপসর,অবসর
অপেলা,"অবহেলা,উপেক্ষা"
অপিয়াম,তৃপ্ত
অফট,"গুজব,জনরব"
অবতব,মৌখিক সহানুভূতি প্রকাশ
অবযশ,কষ্ট
অবলাউ,এখনই
অবায়,এদিকে
অবায় তো হবায়,এদিক থেকে সেদিক
অবায়দি,এই দিকে
অবেদ,"আশ্চর্য,অবাক"
অমুখা,এদিকে
অমদি,এদিকে
অমবিল,দীর্ঘস্থায়ী
অমতেদি,এদিকে
অমনে,"এভাবে,ওভাবে"
অমনেদি,এদিকে
অমানষি,অমানুষি
অমস্যাগ,অমৃত সাগর
অমুছইর,দুষ্প্রাপ্য
অমুরাত,"ঐদিকে, এই বাঁকে"
অমলা,"এভাবে,এরকম"
অমলাউ,"এমন,এরূপ"
অম্মুখা,এদিকে
অয়,"হ্যা,হয়"
অয়অ,হ্যাঁ
অয় অয়,"হ্যাঁ,হ্যাঁ"
অয়রান,হয়রান বাধা-বিপত্তিহীন
অযবুত,কাণ্ডজ্ঞানহীন
অযা,বদলানো
অযানি,"রদবদল,অজ্ঞাত"
অযানিবে,অজ্ঞাতে
অযিরান,কৃমি
অরতকি,হরিতকি
অরইন্যা চোখী,হরিণচোখী
অরনা,বন্য
অরফ,"পাত্তা,ঠিকানা,পাত্র"
অরহি,"পেয়ারা,সবরী"
অরাইলে,সরাইলে
অরানরী,অরান্ধুনি
অরি,"শত্রু,হরি"
অরিকল,হারিকেন
অরিন,হরিণ
অরিশবেমার,অর্শ্বরোগ
অরেবো,"ওহে,অহে,ওগো"
অরৈ,"এইটুকু,মাত্র"
ওরৈতা,"এইটুকু,মাত্র"
অলঅলি,"ঢলিয়া ঢলিয়া পড়ে,ঢলো ঢলো"
অলইদ,হলুদ
অলকম,হলকুম
অলদি মাখান,গায়ে হলুদ
অললুপ,নিখোঁজ
অললুম,আন্দাজ
অললৈ,চিৎকার
অলা,"এইরকম,এইভাবে"
অলান,এইরকম
অলগর্দা,"ঢোরাসাপ,নিষ্কর্মা"
অলমি,"জন্ডিস,পান্ডুরোগ"
অশুশার,"অসুবিধা,অযোগার"
অশকানি,"ঢিলা হওয়া,হটিয়া যাওয়া"
অশকিয়া,ঢিলা হয়ে
অসকালে,অসময়ে
অসতবিসত,তাড়াহুড়ো করা
অসতে,"আস্তে,নীরবে"
অসতুরা,ক্ষুর
অসু,বাঁশের বেতের তৈরি মাছ ধরার ফাঁদ
অসুকা,নতুন
অসুদ,ঔষধ
অড়কি,হুরকা
অংকার,"অহংকার,দেমাগ"
অংকা,এখন
অংকু,এখন
অংশং,গোলমাল
আই,"হংসী, হাঁস (স্ত্রী), আসি"
আইখ্যা,"গিরা,গ্রন্থি"
আইখ্যাউলি,গিরাওয়ালা
আইওম,"মৌসুম,আমল,সময়"
আইচ্ছা,আচ্ছা
আইছ,"এসো, এসেছো"
আইছইন,এসেছেন
আইছত,এসেছো
আইছইননি,এসেছেন
আইছনি,এসেছো
আইছলা,এসেছিলেন
আইছলায়নি,এসেছিলে নাকি
আইছে,এসেছে
আইছি,এসেছি
আইজ,আজ
আইজও,আজও
আইজকু,আজকে
আইজগু,আজকে
আইঞ্জন,মান
আইট,"অভিমান, গোসসা"
আইটা উইটা,উচ্ছিষ্ট
আইট্টা কলা,বিচি কলা
আইটা বাউটা,"অজ্ঞাত, কুলশীল"
আইটি,"কৃপণ, বখিল"
আইতনা,রন্ধনশালার বাসন রাখার উঁচু স্থান
আইতরা,আসছেন
আইতানানি,আসবেননা
অইদদে,আগে
আইন,আসুন
আইনঘর,বারান্দা ছাড়া ঘরের ভিতরের অংশ
আইনছি,এনেছি
আইনজা,জড়িয়ে ধরা
আইনতাষা,টাটকা
আইনদা,"ঋতু,সময়"
আইননা,"আসুননা, আসেননা"
আইনাল,"নিয়মমত, আইনানুযায়ী"
আইব,দোষ
আইবাই,যার কথার ঠিক নাই
আইব বাইব,বুদ্ধি
আইবায়নি,আসবেে নাকি
আইম তোলা,হাই তোলা
আইম্মানি,আলস্যজনিত হাই
আইমটান,অনর্থক গর্ব করা
আইমন,"আমিন, আমলা"
আইমু,আসবো
আইমুশা,দীর্ঘ নিঃশ্বাস
আই যাওয়া,"শুকিয়ে যাওয়া, নিভে যাওয়া"
আইর বাইর,বুদ্ধি
আইরাম,আসছি/ আসতেছি
আইল,"রেখা, জমির আল"
আইল আটক,"লজ্জা, সংকোচ"
আইলকা,কলা গাছের ভেতরের সরু অংশ
আইলসাকুর,অলস লোক
আইলা,আসলেন/ আসিলেন
আইললাসিবা,হাল চাষে যে দড়ি দিয়ে গরু চরানো হয়
আইল্যা,অলস লোক
আইসটান,অনর্থক গর্ব করে যে
আইসলা,মাছের আঁশ
আইয়া,"এসে, হেসে"
আইয়া আইয়া,"হেসে, হেসে"
আইয়ো,এসো
আউক,আসুক
আউকশা,"পর্দা, আড়াল"
আউকা,আসুন
আউকাল,"চিৎকার, চেঁচামেচি, গন্ডগোল,ঝামেলা"
আউকালি,"বিশৃঙ্খলা, ঝগড়া"
আউখ করে,"হা করে, চিৎকার করে"
আউখি,"ঝঞ্ঝা, ঝড়"
আউগলায়,আড়ালে
আউগলিয়া,আটকিয়ে
আউগাইয়া,অগ্রসর হয়ে
আউগাছ,অগ্রসর
আউচি,"বাদল, আষাঢ় বা আশ্বিন মাসের অবিরাম বৃষ্টি"
আউটা,বারান্দার বেড়া
আউটা বেড়া,পর্দার বেড়া
আউত,পলিমাটি
আউতরা,হাতুড়ি
আউতি,সশব্দ
আ-উথ,হুংকার
আউরি দেওয়া,গোপন হওয়া/করা
আউল ঝাউল,এলোপাতাড়ি
আউলমেল,ঝামেলা পাকানো
আউলা,এলোমেলো
আউলানি,এলোমেলো
আউলাইবো,এলোমেলো করবে
আউয়া,"বোকা, অবোধ,আগন্তুক"
আউয়া যাওয়া,"বোকা, অবোধ"
আউয়ানো,চিৎকার করে কাঁদা
আউরন পাউরন,বিস্মৃতি
আউরদাতা,অবাধ্য
আউরি দেওয়া,"আত্মগোপন,লুকিয়ে থাকা"
আউল খাউল,"আজেবাজে, বিশৃঙ্খলা"
আউলা পাগলাটে,দুক্ষে-শোকে বিপর্যস্ত
আউলা আউলি,ইতস্তত ছোটাছুটি
আউলাই,এলোমেলো
আউলাইয়া,ওলট-পালট করা
আউলা মারা,যদৃচ্ছা আচরণ
আউলি,এলোমেলো
আউলিয়ে,এলোমেলো
আউস,সূতা
আউসকা,"অদ্য, আজ"
আউসে,সূতায়
আউড়ামি,"বোকামি,বেয়াড়াপনা"
আউংলা,আঙ্গুল দ্বারা আঘাত করা
আউংশা আউংশি,"হিংসে,রেষারেষি"
আঐকতা,অসময়েে ফল বা সফল জন্মানো
আও,"এসো, আসো"
আওইসা,অমাবস্যা
আওইসায় পয়দা,"মিথ্যাবাদী, বেজন্মা"
আওগিয়া,"এসো গিয়ে, অগ্রসর হয়ে"
আওচা,হালের পাক বা ঘের
আওথাও,এই সেই
আওবাও,কাণ্ডজ্ঞান
আওর,"হাওর, বিল, জলাভূমি"
আওরা,"আড়াল, পর্দা"
আওরোর,হাওরের
আওলা ঘুরা,ভবঘুরে
আওলা,হাওলা
আওলাদ,বংশধর
আওলি,"প্রাসাদ,দালান,হাবেলী"
আওশা ব্যাওশা,বিবাহ উপলক্ষে প্রেরিত মিষ্টি ইত্যাদির ডালা
আওসা,অপরিষ্কার
আওয়া,"হাঁস (পুং),হাসি"
আওয়াআয়ি,হাসাহাসি
আওয়ার,আসবার
আওয়ালে,প্রথমে
আওয়ৈ অতিত,"অভ্যাগত, মেহমান"
আওড়ে আওড়ে,আড়ালে
আওড়োর,আড়ালের
আওহাও,এই সেই
আঁক,রেখা
আকতা,হঠাৎ
আকরানো,শরীরের কোনো অংশ অবশ হওয়া
আকরা হাকরা,মিথ্যাবাদী
আকল,"জ্ঞান, বুদ্ধি"
আকলনামা,আক্কেল সেলামি
আকলফুয়াম,বুদ্ধি
আকলবন,বুদ্ধিমান
আকলবন্দে,আকলমন্দে
আকলবাজ,চতুর
আকলি বিকলি,কষ্ট করে
আকলি বিকলি বায়,চেষ্টা করে
আকলে পছন্দে,বুদ্ধি বিবেচনায়
আক্কল গুম,হতভম্ব
আকত,আকদ
আকাল,দুষ্প্রাপ্যতা
আকালি,বুদ্ধি
আকাঠা,দুষ্টু
আকাতুনি,অত্যন্ত
আকামে,বিনা কাজে
আকার,মাচাং
আকুটলামি,দুষ্টুমি
আখআখি,দুষ্টু
আখতা,"হঠাৎ, অকথ্য,অশ্রাব্য"
আখবাইয়া বাখবাইয়া,অভিশাপ দিয়ে
আখরা,"বোকা, হাবা"
আখরানি,বদদোয়া
আখরা বাখরা,"অপরিষ্কার, আকাঁড়া"
আখরি যাওয়া,"অসাড়, জমে যাওয়া"
আখল খুহাম,বুদ্ধি বিবেচনা
আখল সয়াম,বুদ্ধি বিবেচনা
আখাটা,"মন্দ কাঠ, অশ্রাব্য, কলহপ্রিয়,অসভ্য"
আখাপাখা,অহংকা্র
আখামাখা,অবিবেচক
আখি,"গিঁট, আঁকশি"
আখিম,হাকিম
আখুনদা,দুঃসাহসী
আখের,শেষ
আগ,"প্রথম, অগ্রভাগ"
আগপাতা,কলাপাতার অগ্রভাগ
আগছালা,বারান্দা
আগছে,মলত্যাগ করেছে
আগছেবা,"খণ্ড মেঘের ছায়া,মেঘাচ্ছন্নতা,আবছায়া"
আগদ সাগদ,শেষ মীমাংসা
আগদুয়ার,সামনের দরজা
আগতনে,আগে থেকে
আগনমাইয়া,অগ্রাহায়ন মাসের
আগনি,"আগুন,অগ্নিকোণ"
আগপর,অগ্রপশ্চাৎ
আগবা,পায়খানা করবে
আগর,আগ্রহ
আগর জবানা,আগের জমানা
আগরটা,আগেরটি
আগরম বাগরম,অসম্বন্ধ বাক্য
আগরা,মুখের গহ্বর
আগরাই,অভিমা্ন
আগরি,অগ্রিম
আগলডাইয়া,বাচাল
আগলডাইয়ামি,আগে আগে কথা বলা
আগলফরাদি,কথা শেষ হয়ার আগে কথা বলা
আগনি,আগুন
আগা,অগ্রভাগ
আগাগুড়ি,অগ্রপশ্চাৎ
আগাগুুড়ি লেইন মুড়ি,"লেজ-মাথা, অগ্রপশ্চাৎ"
অগাডগা,"বোকা, হাবা"
আগানি,বাঁশের অগ্রভাগ
আগানো,আহলাদ প্রকাশ করা
আগাম ডিগামো,যদৃচ্ছা আচরণ
আগামাতা,"মূল্য,হদিস"
আগারো,বাইচ নৌকার গলইর লোক
আগালে মাতালে,একপ্রান্ত থেকে অন্য প্রান্ত পর্যন্ত
আগিলেনসা,অতি চঞ্চল
আগিলেনসামানা,অতি চঞ্চলপনা
আগুন থাবানি,আগুন পোহানো
আগুলতায়নু,ফেরানোর জন্য
আগুসি,রোধ করা
আগুলিয়া,আগলে বা আড়াল করে
আগুয়াইয়া,এগিয়ে
আগেদিও,সামনে্র দিকেও
আগেমুতে,মলমূত্র ত্যাগ করে
আগোলাকান,আগের মতো
আঘোরা,মুখমন্ডল
আচনকা,আশ্চর্য
আচম্বিত,হঠাৎ
আচরা,"আঁচড়ানো, সাহায্য"
আচার,কোদাল
আচি,হাঁচি
আছইন,আছেন
আছমান,আসমান
আছলা,ছিলেন
আছানকাথা,হতবাক
আছারতুলি,আছাড় দিয়ে
আছিল,ছিল
আছিয়ালো,প্রস্রাবের স্থান
আছিয়ালো্র খাল,ময়লার নালা
আজর,কষ্ট
আজমুদ্দার,পরীক্ষায়
আজমাইস,পরীক্ষা
আজাইর,অবসর
আজাগরি পেট,অজগরের মত পেট
আজানি,বন্ধ করা
আজার,হাজার
আজার,রোগ-শোক
আজাইয়া,"বন্ধ কর,ভিড়িয়া রাখা"
আজারটা,হাজারটা
আজারি,কর্মহীন
আজি,হাজি
আজিকু,"আজ,আজকে"
আজিব,অদভুত
আজুরা,মজুরি
আটক মটক,"লজ্জা, সংকোচ"
আটকাইল,আটকানো
আটকুরা,সন্তানহীন
আটট,আরেকটু
আটপড়ি,আটপৌরে
আটা আদর,অভ্যর্থনা
আটাই,একদিকে সরিয়ে রাখা
আটাইল কাউরি,যে  বক গরুর ঘা ঠুকরায়
আটাইয়া,"আটকিয়ে, কষিয়ে"
আটাইয়ে,গুটিয়ে
আটাউটি,হাতঁটাহাঁটি
আটাপোটি,বাঁধা নিষেধ
আটাপোটটি,কড়াকড়ি
আটালিয়া,গোখরা সাপ বিশেষ
আটালো,বক জাতীয় পাখি
আটাশি,গোখরা সাপ
আটু,"হাঁটু, ধান চাল মাপার বাঁশ বা বেতের তৈরি বড় ঝুরি"
আটুয়িমা,হাঁটুু পর্যন্ত
আটি,"হাঁটি ,পাড়া, গলি"
আটিবান্ধা,আটিযুক্ত
আটিবিটি,হাত-পা গুটিয়ে
আটোন,"নির্মাণ, তৈরি"
আঠলে,পথ ধরলে
আঠাইল,"এঁটেল, আঠালো,গরুর গায়ের আঠালি"
আঠেটাউকে,তেজোবীর্যে
আঠোটক্কা,অকস্মাৎ
আডর,আদেশ
আড্ডি,হাড়
আড্ডিগুড্ডি,হারগোড়
আত,"হাত,হস্ত,পিত্তথলি"
আত্তা,একহাত
আতনতরাই,তাড়াহুড়ো
আতনযতন,সেবা শুশ্রূষা
আতপাত,এদিক সেদিক
আতরখৈল,সবসময় যাকে কাজে পাওয়া যায়
আত্তিওর,যন্ত্রাদি
আত্তিওরখৈল,সবসময় যাকে কাজে পাওয়া যায়
আতপাত,এদিক ওদিক
আতপাানি,যে জমিতে সহজে পানি সেচ দেয়া যায়
আতরা,পৃথক
আতরুয়া,হাতুড়ি
আতরি ঘর,আতুঁর ঘর
আত লইয়া,হাতে নিয়ে
আতলা,কলসী রাখার উচুস্থান
আতলা খাটা,কৈ মাছের তরকারি
আতা,"হাতা ,হাতল"
আতাআতি,হাতাহাতি
আতাই,"পেটুক,হাত স্পর্শ করে"
আতাইন্না,যে খালি হাতে মাছ ধরতে পারে
আতাইবায় না,হাত দিবেন না
আতাই বুতাই,এলোমেলো
আতাইর পাতাইর,এদিক সেদিক
আতাইলে,হাত বুলালে
আতাওরা,যে খালি হাতে মাছ ধরে
আতানি,হাত দেয়া
আতা্নো,হাত দিয়ে মাছ ধরা
আতাপিতি,সকলে মিলে
আতাব,সূর্য
আতাবেড়ি,বেড়ি
আতাভুতা,বোধহীন
আতামালা,আগুন তোলার জন্য হাতাবিশিষ্ট নারিকেলের মালা
আতালবাতাল,উৎপাত
আতাল বিতাল,অশান্তিময় কাজ
আতালযাতাল,"অযথা, দোষারোপ"
আতালাবরি,ছোটখাট চুরি
আতাড়ে পাথাড়ে,এলোপাতারি
আতি,হেঁচকি
আত্তি,হাতি
আতিয়ার,হাতিয়ার
আতুবুতু,কিংকর্তব্যবিমূঢ় অবস্থা
আতুঁর,পঙ্গু
আতুরা,হাতুড়ি
আতে ধরিয়া,হাতে ধরে
আতেবার,হাতিয়াার
আতো,হাতে
আতোর,অস্ত্র
আতোশ,ভয়ংকর টক
আথলি,মুরগির ওমের ঝুড়ি
আথাই পিথাই,নড়াচড়া করে
আথাইল,ছোট কাঁকড়
আথাইল গারিয়া,অলস
আথাইয়া পিথাইয়া,সেবা শুশ্রূষা করে
আথানো,হাত বুুলানো
আথারি পাথারি,অনাত্মীয়
আথারে পাথারে,বিশৃঙ্খলা
আথালাবরি,চুরি
আথাইলা,কলসী রাখা্র স্থান
আথরা,হাতুড়িি
আথোহিথান,হাতে শিয়র
আ'দ,প্রার্থনা
আদখানি,গর্ভবতী
আদ্দাবাদ্দা,গৃহহীন
আদনা,সামান্য
আদাওতি,শত্রুতা
আদাখান,অর্ধেক
আদাগদা,অপদার্থ
আদাজামির,বড় টক লেবু
আদাতর,যে গরু বা মহিষের দাঁত উঠেনি
আদানা,ছোট
আদাম,কর্মবিমুখ
আদামাদা,দায়সারাভাবে
আদি,নামাজের ছোট পাটি
আদিখলা,অদৃষ্টপূর্ব
আদিলকা,অহংকার
আদিলকিলা,অহংকারী
আদিয়া,অর্ধেক
আদিলা,লোভী
আদুতি,আধপাকা
আদুমচুদুম,"যাচ্ছেতাই,বাজে"
আদুমদুদুম,"যাচ্ছেতাই,বাজে"
আদেরা,এলোমেেলোভাবে কাজ করা
আদোরিদ,প্রচুর
আদৈয়া,"আসল,আদত"
আধাউছলি,অসম্পূর্ণ
আধাাছাদা,অসম্পূর্ণ
আধেলকা,আশ্চর্য
আনইন,নিয়ে আসেন
আনকুপ,অনুন্নত
আনকুয়া,নিয়ে আসেন
আনকেনে,মলিন কেন
আনগরা,বোকা
আনচল মুছানি,আঁচল দিয়ে মুখ মুছে দেয়া
আনছনি,এনেছ কি
আনছইন,এনেেছেন
আনছলু,এনেছিলাম
আনছিলাম,এনেছিলাাম
আনছোনাই,অশ্রুতপূর্ব
আনজা আনজি,কোলাকুলি
আনটি,"আংগুটি,আবদার"
আনতাজ,অনুমান
আনতাজে,অনুমা্নে
আনতাজি,অনুমানে বলা
আন্দর,ভিতর
আন্দাইর,অন্ধকার
আন্দাইর গুন্দাইর,অন্ধকারে
আন্দাগুন্দা,অন্ধভাবে
আন্দারি,পুরবাসিনী
আন্দেশা,দুশ্চিন্তা
আন্দেশার উনরে,দুশ্চিন্তার ইঁদুরে
আনদু পুকইর,ভরাট ও পরিত্যক্ত পুকুর
আনদুুয়া,"মজা, শুকনা"
আনদুয়ি,চোখের পর্দা
আনদি,পরিধি
আনদি গুনদি,এলো্পাথাড়ি
আনবায়,আনবে
আনবায়নি,আনবেন নাকি
আনবোলা,বোবা
আনমান,অবস্থামত
আনমিলা,দুষ্প্রাপ্য
আনযি,হুক্কা লটকিয়ে রাখার আংটা
আনরা,আনবেন
আনরি,অন্ধকার
আনরি আনরি,অন্ধকার ভাব
আনসান,আনচান
আনা,"বিনা, ছাড়া, আয়না"
আনাইয়া,ইনিয়ে-বিনিয়ে
আনাইয়া বিনাইয়া,অনুনয় বিনয় করা
আনাখাইয়া,না খেয়ে
আনাজ,শাক-সবজি
আনা দেখিয়া,না দেখে
আনাতেলে,তৈল বিহীন
আনাম,সম্পূর্ণ
আনামত,আনামত
আনামাতি,কিছু না বলে
আনেআন,সন্ধানী দৃষ্টিতে
আনেআনে,এদিক সেদিক
আনেগরে,গড়ে
আনেবানে,স্থানে অস্থানে
আনুক্কা,কদাচিৎ পাওয়া
আনুয়া গাং,মরা নদী
আন্ধু,মিছামিছি
আন্ধুু ধুন্ধু,মিছামিছি
আনোয়ার,ডালিম ফল বিশেষ
আবুইদ্দা,ছোট ছেলে-মেয়ে
আপথে,বিপথে
আপনে,আপনি
আপটিনি,পালক
আপতয়ালি,আত্মসাৎ করার ইচ্ছা
আপ্তাব,সূর্য
আপরা তাপরা,রোগ-শোক
আপরে,অসাক্ষাতে
আপরুপ,উগ্র
আপরোখা,নির্ভরশীল
আপলাতুন,জালিম
আপসে,নিজে নিজে
আপাং,লতা জাতীয় ছোট ঘাষ
আপাংরা,বোকা
আপাঙ্গাল,জঞ্জাল
আপানজাল,বিপদ
আপানজালি,ঝামেলাকারী
আপাতনা,ভাগ্যহীন
আপালি,আকালের সময় যার জন্ম
আপুতা,পুত্রহীন
আপুসলা,অবহেলিত
আপোই বাপোই,শোরগোল
আফতে,বিপদে
আফদে,বিপদেে
আফরকে,অগোচরে
আফরা,ভূত
আফরে,অনায়াসে
আফসে,আপনা থেকে
আফাযাল,মুখ খোলা জাল
আফাল,প্রবল বাতাস
আফেরতা,অসহায়
আফুলা,যে গাছ ফল বা ফুল দেয়না
আবকতারি,আবোল তাবোল
আবগা,বোকা
আবন,শিশুকন্যা
আবর,অবসর
আবরতে,আড়ালে
আবরা,বোবা (পুং)
আবরী,বোবা (স্ত্রী)
আবরি,খুব ছোট
আবলা,এখন
আবযাদি,অতি পুরোন ও বড়
আবযুশ,প্রাথমিক জাল
আবশ্যা,অমাবস্যা
আবা,জামা
আবাগত,প্রার্থনা
আবাগ্যা,অভাগা
আবাগি,অভাাগিনী
আবাদি,বহিরাগত
আবাদে আসাদে,সত্য মিথ্যায় জড়ানো
আবান্তর,সংবাদ
আবাপু,জারজ
আবাপুুফুঙ্গা,যার কথার কোন মুল্য নেই
আবিতা,অবিবাহিত
আবিতা মুরব্বি,অল্পবয়সী মুরব্বি
আবিরদি লেপা,আবিরের প্রলেপ
আবিয়াতা,অবিবাাহিত
আবুধিয়া,অবোধ
আবু বেটু,প্রাণপনে
আবুল তাবুল,আজেবাজে কথা
আবুলি কুবুলি,আজেবাজে কথা
আবেললা,আপদ
আবেস্তা,অবস্থা
আবো,এখনো
আবোনায়,এখনো নয়
আভু,ডাটা
আভুুকিলায়,ক্ষুধাহীনে
আম,দুর্বল
আমআম,ঘোরাফেরা
আমআমি,দাপাদাপি
আমখইর দেওয়া,হামাগুরি দেয়া
আমচা,প্রচুুর
আমছইল,উৎপাত
আমদা,বেশি
আম্মক,আহাম্মক
আম্মত করি,হাউমাউ করে
আমনা শামনা,মুখোমুখি
আমল,বিচার
আমার বায়,আমার দিকে
আমরার,আমাদের
আমল,চরিত্র
আম্বার,বেশি
আমবারি,হাওদা
আম্মতকরি,উচ্চস্বরে
আম্মাত্তি,হঠাৎ
আম্মামি করা,ইচ্ছা  হওয়া
আমরা,কচু
আমরা আমরি,আজেবাজে
আমলদার,সচ্চরিত্র
আমলা,টক
আমলি,সময়ের
আমশি,কিছুুই না
আমসইল,গোলমাল
আমড়ানো,ডাকা
আমাঠাইন,আমার কাছে
আমারেনি,আমাকে কি
আমাসামা,সাধারণ লোক
আমি,আমসি
আমিল,গর্ভ
আমিলদার,গর্ভবতী
আমিলা,যা মিলে না
আমুয়ানি,বিড়বিড় করা
আমারো,আম গাছের লাকড়ি
আয়,আসো
আয় উতাশ,হাহুতাশ
আয়নোর গয়নোর,অহংকারের
আয় পায়,আশেপাশে
আয় বায়,অন্য দিকে
আয়জায়,যাওয়া আসা করে
আয়াযায়া,নির্ঘাত
আয়া দায়া,নিশ্চিত
আয়িদা,মৌসুম
আয়ুত,জিদ
আয়ুক্কা,আসুন
আযল,ভাগ্য
আযদামারা,প্রকার
আযনবি,অপরিচিত
আযলানো,ভেংচি দেওয়া
আযানো,আশ্রয় নেয়া বা দেয়া
আযুলা,বোকা
আযুলি,হাবা মেয়ে
আর,হার
আরই,বলা
আরকটা,আরেকটা
আরকা মারকা,বাইরে ভিতরে
আরককতা,অন্য কথা
আরখানো,অন্যস্থানে
আরগু,অন্যগুলো
আরগগু,আরও একটা
আরগুয়া,একরোখা
আরচউখ,কুনজর
আরছি,পরাজিত হয়েছি
আরতি,কমতি
আরপথে,অন্য পথে
আর বনাপ,মতানৈক্য
আর বাদা,ঘরের চালের রুয়া
আরবার,আবার
আরবাায়,অন্যদিকে
আরম,বেড়া আটকানোর উপকরণ
আরমনি,হারমোনিয়াম
আরমভিত,শুরু
আরমুখা,অন্যদিকে
আরলানো,উল্টা পালটা করা
আরা,আসছেন
আরাই,পরাজিত করে
আরাইলে,হারা'লে
আরান,বাঁকা করা
আরান বারান,দুঃখ কষ্ট
আরান বা্রানে,অতি কষ্টে
আরানো,হারানো
আরাম,আসছি
আরাষ ফারাষ,ছড়াছড়ি
আরাং,মঞ্চ
আরিজার,হারিয়ে যাচ্ছে
আরি,প্রতিবেশী
আরি ফরি,প্রতিবেশী
আরির খবর,গোপন কথা
আরে মাংশে,মান ইজ্জতে
আরুলগজা,বোকা
আরুয়া,বোকা
আ'রে,পরাজিত হয়
আরো,এখনো
আরোক হেঙ্গার,দ্বিতীয় বিবাহের
আল,জমির পরিমাণ বিশেষ
আলওয়ালা,হালওয়ালা
আলগছ,হালকাভাবে
আলগড়া,কৃষি কাজের জন্য অস্থায়ী ঘর
আলগা,আলাদা
আলগা দুলগা,নাগালের বাইরে
আলগারি,কামলা
আলগুনি,আলনা
আলচর বিবি,শ্রমবিমুখ
আলচি,অপারগ
আলটানো,অনুরোধ করা
আলতালা,তালা দেবার হুক
আলতু ফালতু,বাজে কথা
আলদ হাপ,গোখরা সাপ
আলপেরেট,লম্বা চুল
আল বাইয়া,হাল চাষ করে
আলম,বিধান
আললাই,আমার জন্য
আলবিই হুলবিই,আমের বিষ
আলমানো,অনুমানে
আলমাস,তরকারি বিশেষ
আলসতরি,ছুঁৎবাই গ্রস্ত
আলসা,এক ঝলক
আলা,আলোকিত
আলাই,মিষ্টান্ন
আলাইচ,আ'চ
আলাজালা,এলোমেলো
আলাইদদা,আচানক
আলাবাদি,ভবঘুরে
আলি,টিকটিকি
আ'লি,হেলে
আলিতপরা,অভাবে পড়া
আলিপতা,বাধা
আলিমিলি,তন্দ্রা
আলিয়া,যেখানে রাঁধা হয়
আলুকখা,অদ্ভুত
আলুচা,হালচাষকারী
আলু চাউল,আতপ চাল
আলুর দোষ,লম্প্ট
আলুয়া,হালুয়া
আলুয়া,আতপ চাল
আলুয়া তাওয়া,শিরনি ও রুটি
আলুয়া শিকারি,আলো দিয়ে মাছ শিকারি
আলেক,সালামের জবাব
আলেগ জবর,অত্যাধিক পৃথক
আলের,হালের
আলো,ওগো
আলোগ,আলগা
আলোডলো,অঙ্গভঙ্গি
আলোতারা,আলো দিয়ে মাছ শিকারি
আলোর চা,হালচাষী
আশি,আয়না
আশুদদা,তৃপ্তি
আশলি,বিশুদ্ধ
আস,হাঁস
আসক,প্রেম
আস্তা,পুরোটা
আস্তাইয়া পস্তাইয়া,ইতস্তত করে
আসতুরা,ক্ষু্র
আসা,লাঠি
আসানক,চমৎকার
আসা্নকাততা,অবাক
আসা্ননখাতা,অশ্রুতপূর্ব
আসাপীর,ফকিরদের লাঠি
আসাবুয়া,অদৃষ্টপূর্ব
আসারবিসর,পদস্খলন
আসি,হাসি
আসিক,আসক্ত
আসিয়া,হেসে
আসিয়াল,জঞ্জাল
আসুদা,পরিতৃপ্তি সহকারে
আসে,হাসিে
আসেন,হাসেন
আহট,সাড়া
আহুশ,আসক্তি
আড়পথে,বাঁকাপথে
আড়ি,হাড়ি
আড়ুয়া,বুদ্ধিহীন
আড়ে,বাঁকা চোখে
আংখি,আঁখি
আংগট,শরীরের গঠন
আংগরখা,জামা
আংগা,জামা
আংগাজ,সহ্য করা
আংগাজী,সহনশীল
আংগাডাংগা,অস্বাভাবিক
আংগাভুনি,ধুতি পাঞ্জাবি
আংগি,ছেলেমেয়ের জামা
আংগুইট,আংটি
আংগুইল,আংঙ্গুল
আংটা,নাক কানের অলঙ্কার
আংবাং,যা তা
আংরা,কয়লা
আংসানো,আচড়ানো
আৎকা,হঠাৎ
ইআদরা,ইদানীং
ইও,ইয়ে
ইকর,একরকম ছোট গাছ
ইকপির,সাধু সন্ন্যাসী
ইকরিয়া,ক্ষুদ্র পাখি বিশেষ
ইকা,বুকের পার্শ্ব
ইকান হিকান,সর্ব স্থান
ইখটা,এইটা
ইখান,এখান
ইখানো,এখানে
ইখানতা,এ স্থানটি
ইগলা,এইটা
ইগু,এটা
ইগুইন,এগুলি
ইগুইন্তা,এইগুলিকে
ইগুতা,এটা
ইচরানো,পাট কাঠি থেকে পাট ছাড়ানো
ইচলতা,চালিতা
ইচা,চিংড়ি মাছ
ইচিবিয়া,স্বয়ম্বর প্রথায় বিবাহ
ইছতার,ইফতার
ইছিয়া,ইচছায়
ইজত,ইজ্জত
ইজা,কষ্ট
ইজাত,এধরনের
ইজাব কবুল,বিয়ের প্রস্তাব ও কবুল
ইজার,এজহার
ইজিবিজি,বিশুৃঙ্খলা
ইটা,ঢিল মারা
ইটানা ইটানি,ঢিল ছোড়াছুঁড়ি
ইটানি,ঢিল ছোড়া
ইটা,ইহা
ইডাহিডা,আজেবাজে বস্তু
ইত,হীত উপকার
ইতইত,ইহাতে
ইতর-কাইতর,মন্দলোক
ইতা,এইটা
ইতাপিতা,বাছবিচার
ইতায়,ইহাতে
ইতারলাগি,এজন্য
ইতারে,এইগুুলিকে
ইতাহিতা,এটাওটা
ইতি দেওয়া,শেষ
ইত্তিফাক,দোস্তি
ইতুত,ইহাতেে
ইথিকার,এখনকার
ইদুখ,এই দুঃখ
ইন,হীন
ইনতি,শেষ
ইনদাললা,মৃত ব্যক্তির নামে লোক খাওয়ানো
ইনদু,হিন্দু
ইনদেশন,ইঞ্জেকশন
ইনদিরা,কুয়া
ইনযাম,শেষ
ইনযামি,দায়ী
ইনরে,উনাকে
ইনরেদি,ওনাকে দিয়ে
ইনা,ইহা নয়
ইনাম,পুরস্কার
ইনে,ইনি
ইনো,এখানে
ইন্দিয়াল,ইন্দ্রজাল
ইপাকির,এনরকম
ইপায়,এদিকে
ইপাড়,এপাড়
ইপাড়ো,এপাড়ে
ইফিরা,এইবার
ইবলা,এখান
ইবা,এটা
ইবাজু,এদিক
ইবায়,এদিকে
ইবায়দি,এদিক দিয়ে
ইবায় হিবায়,এদিক সেদিক
ইবাড়ি,এ বাড়ি
ইবেতা,এ ধরণের
ইম,ঠান্ডা
ইমলা,এইবার
ইমলান,এভাবে
ইমিশ টিমিশ,দ্বিধাদন্ধ
ইযলের যরিমরি,হিজল গাছের ছাল বাকল
ইযার বনদোর গিরো,দূর সম্পর্কের আত্মীয়
ইয়াকত,লাভ
ইয়াদ,স্মরণ
ইয়ানফসি,আত্ম মুক্তির জন্য দোয়া
ইয়ানি,বেশি
ইয়ারানা,দোস্তি
ইয়ারি,বন্ধুত্ব
ইরাইদ,স্মরণ
ইরাল,প্রতিহিংসা
ইরালি,শত্রুতা
ইলত,কৃমি
ইলপিত,ভঙ্গুর
ইলফি,বিদ্রূপ
ইললত,বড় কৃমি
ইললা ফিললা,উত্তরাধিকারী
ইলা,এভাবে
ইলাখান,এভাবে
ইলান,এইরকম
ইলাকা,এলাকা
ইলিম,এলেম
ইশটম,টিকেট
ইশটিফিন,মোজা
ইশনিশ,বাছবিচার
ইশনিশ করা,কু-নজরে দেখা
ইসতক,পর্যন্ত
ইসাইসি,বাছাবাছি
ইসিয়াবর,স্বয়ম্বর
ইংসা,হিংসা
উআমরা,মনের ইচ্ছা
উআরা,বুনো
উকইন,উকুন
উকউকি,শক্তি প্রদর্শন
উককুত,হঠকারিতা
উককুুত তরানো,হঠাৎ রাগ করা
উকতা,অবা্ধ্য
উকতামি,বেয়াড়াপনা
উকরা,ধান মেশানো খৈ
উকরাইয়া,উপরাইয়া
উকরি মুকরি,মেষের লোমের মত কোঁকড়ানো
উকলি,লেঠা মাছ
উকা,উগ্র
উকাদার,নিমক হালাল
উকারতল,গোয়ালঘরের নিচে
উকারানো,উৎপাটন করা
উকাল,শব্দ
উকালতি,ওকালতি
উক্কা,হুক্কা
উকি,মাথার বিখাউজ
উকইন,ধান মাড়াইয়ের বাঁশের উপকরণ
উখরা,হুড়কা
উখুম,হুকুম
উগলানো,বমি করা
উগানো,আদায় করা
উগার,ভাঁড়ার
উগাস,মোরগের খোঁয়াড়
উগি,উকি
উঙ্গানি,তন্দ্রাচ্ছন্ন হওয়া
উচকি মারা,লাফ দেওয়া
উচন্ড,দুষ্ট
উচন্ডামি,উগ্র্রতা
উচনাচ,উঁচুনিচু
উচনিচ,অসম
উচকানো,কানায় কানায় ভর্তি
উচকি,লাফ
উচাইট,অস্বস্তি
উচাত,উঁচুুতে
উচাবায়,উপরের দিকে
উঁচা নাক,উন্নত নাসিকা
উঁচানো,গরম করা
উচি,হৈ চৈ
উছলত,অজুহাত
উছরা,বারান্দা
উছিলা,মাধ্যম
উছিললত,অজুুহাত
উজন,ওজন
উজর,ওজর
উজাইল,উজানে
উজাগরী,রাত জাগা
উজ্জত,কারণ
উঝা,ওঝা
উটকন,গায়ে দেয়ার হলুদ
উট কপালি,মন্দ ভাগ্য মেয়ে
উটকা,বমি
উটরা,অস্থায়ী
উটরা যায়ুটরা,বেশভূষা
উটা নাক,উন্নত নাসিকা
উটিল টিলা,উঁচু টিলা
উঠনি,চড়াই
উঠলু,বাস্তুত্যাগী
উঠি,চোখের পাতা
উডাই দেওয়া,গাভীকে ষাঁড় দেখানো
উডুররা,আশ্রিত
উডুললা,আশ্রিত
উত,পাত্তা
উতখানি,সামান্য
উতখেত,পুংখানুপুংখ অনুসন্ধান
উততুগিনি,ছোট
উতপাওয়া,সূত্র পাওয়া
উতরছিরানা,মৃত্যুর আগে উত্তর দিকে মুখ করা
উতরর,উত্তরের
উতরাইল,গরম
উতরানো,উপচে পড়া
উতরুঙ্গা,তুরফুলা জাতীয় পোকা
উতল,হাঁস বা মুরগীর ডিম পাড়ার স্থান
উতাউতি,তাড়াতাড়ি
উতান,উপদ্রুপ
উতান করা,জ্বালাতন
উতার,পড়া পানি
উতারা,অসৎ
উতিউতি,তাড়াতাড়ি
উতিবুতি,সর্বস্ব
উচু,আগুনের তাপে শুষ্ক
উতুকুনি,অতটুকু
উতুতকুনি,এইটুকু
উতুগুনি,অতটুকু
উতুটি,অল্প
উতুফুটি,অতি অল্প
উতুমবুতুম,ক্ষ্যাপা
উতোই,ধান ঝাড়ার কুলা
উথমা,খাড়া
উথলা,অন্য স্থান থেকে আসা
উথানো,প্ররোচিত করা
উথেল থেতল,উঠান নামান
উদল,পুরো
উদলা,উদাম
উদলাইল,উদা্ম
উদনা,বোকা
উদরা মানা,টালবাহানা
উদা,বোকা
উদান মাদান,অসময়ে
উদানো,বিশুৃঙ্খল হওয়া
উদারমালা,না জানার ভান বা ভাব করা
উদারা,বোকা
উদারি,বোকা স্ত্রীলোক
উদারিমালা,জেনেও না জানার ভান করা
উদাল,বড় পাতা বিশিষ্ট বুনো গাছ
উদাংগা,শুন্য
উদি,কামাই
উদুমবুদুম,অবিন্যস্ত
উন,উল
উনতলশ,গরম
উনদা,অবনত
উনদা্গানদা,অশিক্ষিত
উনদাবুনদা,বোকা
উন্দা,নিচু
উন্দাওয়া,নিচুু হওয়া
উন্দাল,পাকঘর
উনদালি,সবসময় বাড়ির ভেতর থাকে যে
উন্দুর,ইঁদুর
উনরর,ইঁদঁদুরের
উনা,সিদ্ধ
উনাউপাস,না খাওয়া অবস্থা
উনা চাউল,সিদ্ধ চাল
উনা দেওয়া,সিদ্ধ করা
উনারাইয়া,অলস
উনিপুক,ক্ষুদ্র পোকা
উনাহুকানা,নীরস কথা
উপইত,উপুর
উপচন্ড,দুষ্ট
উপতা,বিপরীত
উপতা্মি,মন্দ স্বভাব
উপরালা,আল্লাহ
উপরখটকা,ভিত্তিহীন
উপরাইছে,বাড়তি
উপরাউপরি,বারংবার
উপরেদি,উপরের দিকে
উপরি,কলেরা
উপরিসইয়া,নৌকার ছই
উপল,ছোট চাপিলা মাছ
উপা,উপোষ
উপাটাক,বাসন রাখার বাঁশের উপকরন
উপা দেওয়া,টেকসই হওয়া
উপাস,উপোষ
উপুর যুপুর,কানায় কানায়
উপাসী,উপবাসী
উফা,স্থায়ী
উফতা,বিপরীত
উফতা্মি,বিপরীত চলা
উফপাওয়া,প্রশ্রয় পাওয়া
উফরা,অতিরিক্ত
উফাত,মৃত্যু
উবদাইননা,খাড়া
উবস্তর,উলঙ্গ
উবা,দাঁড়া
উবাইর রইছন,দাঁড়িয়ে আছেন
উবাইলো,দাঁড়ালো
উবাইয়া,দাঁড়িয়েে
উবাচিক,উপরযুপরি চিৎকার
উবাও,দাঁড়াও
উবাত,দাঁড়ানো
উবাউক্কা,দাঁঁড়ান
উবাদউর,দৌড়ের উপর
উবে,উচ্চতায়
উম,উষ্ণতা
উমকি,হুমকি
উমতা,গরম
উমনি গরম,ঈষৎ গরম
উম্মরি,হঠাৎ রাগ করা
উমমাততি,হঠাৎ
উমমুততি,হঠাৎ
উমর,বয়স
উমলি,ঈষৎ গরম
উমলি গরম,ঈষৎ গরম
উমশা গন্ধ,সোঁদা গন্ধ
উমা,শ্বাস
উমাইয়া,গরম হয়ে
উমাদুমা,তাড়াতাড়ি
উমানি,ডিমে তা দেয়া
উমা্ন্যা,যে পরের বাড়িতে থাকে
উমেদার,সন্তানসম্ভবা
উযযইত,তর্ক
উযলে উষলে,ক্ষণে ক্ষণে
উযাই,উজানগামী মাছ
উযাইমারা,উজানগা্মী মাছ ধরা
উরমুর,তাড়া হুড়ো
উযারু,পরিত্যক্ত
উযাল,আলো
উযিয়ালা,উজ্জ্বল
উযযিয়া উঠা,স্রোতের বিপরীতে উঠা
উর,গাভীর স্তন
উরউরি,শব্দ বিশেষ
উরকা,দরজার খিল
উরখ,পৃষ্ঠা
উরদা,উল্টা
উরদি উঠা,বমি হওয়া
উরমুুরি,হঠাৎ
উরসিলা,চালের ছিদ্র পথে বৃষ্টি পরা
উর লাগানো,লাভ পাওয়া
উরহি,ভাঁত নাড়ার চামচ
উরা,ঝুড়ি
উরাত,উরুদেশ
উরানো,কাপড় জরিয়ে দেওয়া
উরাবেরা,সম্মুখে ঘুরাঘুরি করা
উরালি,বাতাস বাহিত আবর্জনা
উরি,শিম বা ধান মাপার বস্তু বিশেষ
উরি দেওয়া,সমস্বরে চিৎকার করা
উরিয়া,বিদেশী
উরুরুরু,উলুধ্বনি
উরুছ,উরস
উল্টা,উল্টো
উল্টা্বায়,বিপরীত দিকে
উলপরানি,সংকীর্ণমনা
উলমাইল,গন্ডগোল
উলমেল,ভিড়
উললিয়া,বিড়াল
উলশ,ছাড়পোকা
উলা,বিড়াল
উলাটুলা,পুং বিড়াল
উলি,উইপোকা
উলু,গাভীর স্তন
উলুইন,ওলান
উলুতুবরখারি,কিম্ভূতকিমাকার
উলুবুরা,সর্প বিশেষ
উলুমবুশাই,যে অধিক ময়লা কাপর পড়ে
উলুসন,ছন বিশেষ
উলুসনা,এলোমেলো
উলেবালে,সমস্ত
উলোনা থুলো,হঠাৎ
উশ,হুঁশ
উশকা,যুবতী
উশকিটান,হেঁচকা টান
উশটাইয়া,পদাঘাত করে
উশমা,কাঁকড়া
উশুম বুশুম লাগা,অস্বস্তি লাগা
উষ্ঠা,হোঁচট
উসলকেতু,ছলনাকারী
উসলত,ছুতা
উসলা,বাড়াবাড়ি
উসাট,দুধ দোহনের সময় লাথি মারে
উসানো,বেছে নেয়া
উসাপিস,অস্বস্তি
উসাল,বমি
উসাস,সাধ
উসিত,উচ্ছিষ্ট
উসিল,উপায়
উসিয়াল,অন্যের সাহায্য
উয়া,নিশ্বাস প্রশ্বাস
উয়াক্কারীমাত,মিথ্যে কথা
উয়াজ,ওয়াজ
উয়ানো,ধানের খোসা ছাড়ানো
উয়া পুটা,শ্বাসরোধ
উয়া ফালানি,শ্বাসফেলা
উয়াম্মা,আশা
উয়ার,ওশার
উয়ার পার,এফোঁড় ওফোঁড়
উয়াশ,আরাম
উয়াশন,উঠানো
উয়াশা,শখ
উড়কা,হুরকা
উড়া,ক্ষণস্থায়ী ঘর
উড়াউড়,গুজব
উড়াপারা,পা দিয়ে মাড়ানো
উংকা,এখন
উংঙ্গানি,ঝিমানি
উংগাডুংগা,জারজ
এইন,ইনি
এইলারে,এইটাকে
এইসতে,এখান থেকে
এউতা,ইহা
এউয়া,স্বামী পরিত্যাক্তা
এউলা,আমলকী
এউলা এউলি,কোলাকুলি
এও,এতেও
এওত,হে্মন্তকাল
এওতিয়া কদু,হেমন্তের লাউ
এউতে বাইরায়,হেমন্তে বর্ষায়
একআদোল,এক অর্ধবেলা
একখানো,একত্রে
একগালাত,একপাশে
একগু,একটা
একগুইয়া,একগুয়ে
একঘরো,এক ঘরে
একজরাত,সামান্যতে
একটুমা,এক টুকরো
একতিল,একটু সময়
একতিবল,এক মুহূর্ত
একতিবিল,এক মুহূর্ত
একতা,একটা কথা
একদ,এক
একনাপড়ে হিম,শরীরে আলস্যভাব
একপাইয়া,একপেয়ে
একপা্ল,একদল
একপিরা,এক পীরের মুরিদ
একপুরা,ওজনে পাঁচ সের
একফরু,একস্তর
একবারতা,একবার
একবায়দি,একদিকে
একবারোলে,এক লগুড় আঘাতে
একবোলা,যে যুক্তির ধার ধারেনা
একমাদ্রি,এক মায়ের গর্ভে
একরান শিরা,স্বার্থপর
একরে,একেবারে
একরোখখা,একগুুঁয়ে
একরোশ,অবিরামভাবে
একযরা,সামা্ন্য
একলগে,একসাথে
একলা,একা
একলাকান,একরকম
একলাকুলি,একাকী
একসেদি,এক কোপে কাটা
একসে্র,রাগের মাথায় মারধর
একহমান,এক সমান
একহরি,একটা
একহালি,চা্রটি
একাংগী,একা
একানিদা,অভাবগ্রস্ত
এখতা,লোভনীয় জিনিস
এখাএখি,হেয়জ্ঞান
এগমাজি,অবহেলা
এগনা,আপন
এগানা,আপন
এগু,একটা
এগুরবায়,এক জনের দিকে
এগুরা,এক প্রকার মাছ
এওখান,এটাও
এচকা,ঝাঁকুনি
এচকি,ঝাঁকুনি
এচনা,ঢালু জায়গা
এচপ্যাচে,খুঁটিনাটি
এচি,হাঁচি
এছকা,ঝাপটা
এছকামারি,হেঁচকা টান দিয়ে
এছির,এতিম
এজমত,পরাজিত
এজান,ইহলোক
এট অইল,নিচু হলো
এটা টেংরা,ছোটবড়
এটু বেটু,ছোট পাত্র
এতইত,ইহাতে
এততাকি,ইহা থেকে
এতনা,এতটুকু
এতুত,এতে
এতুতরাজ,এতে সম্মত
এতিম এছির,মাতৃপিতৃহীন
এতিলকু,এখন
এতুরতা,এটা্র টা
এথা,এখান
এনকার,তাচ্ছিল্য
এনা,গুঁতা
এনাখুচা,আঘাত দেওয়া কথা
এনেরেদি,উনাকে
এনো,এখানে
এন্ডা,আন্ডা
এনইর,এক প্রকার টক ফল
এপিরা,এবার
এবো,এখনো
এবাদুড়ির,এ বাঁধার
এবায়,এদিকে
এবলা,এখন
এবলা্কু,এখন
এবাদারতোর,এ বিতর্কের
এবারকু,এবারকার
এবায়দি,এদিকে
এবোনি,এখনও কি
এবোভালা,এখনও ভালো
এমনবালা,এমন সময়
এমনে,বিনামূল্যে
এমনে হেমনে,এদিক সেদিক
এমনু,অনর্থক
এমবা,এমনে
এমরা,আমড়া
এমলা,এভাবে
এমলাখান,এইভাবে
এমোন সঞ্চে,সাবধানতায় মারে
এমোলা বড়ায়,এভাবে বটিকা করে
এযমত খাওয়া,দুুর্বল হওয়া
এযা,ভেজিয়ে
এযাইর,এজহার
এযাইয়া,ভেজিয়ে রাখা
এরই,একটুকু
এরএরা মেরমেরা,খুব নরম
এরা,আলসে
এরাইল,একপ্রকার ধারালো ঘাস
এরাচেরা,একপ্রকার
এরানি,হাসাহাসি
এরানো,হাসাহাসি
এরারকু,এবার
এরালি,পেটুক
এরি,স্বামী ত্যাগিনী
এরে,এই যে
এরে হুনি,ইহা শুনে
এরেলা,গিরগিটি
এরু,কম
এরুকিতানে,এইজন্য
এরুতা,কম
এরুনি লখাই,একমাত্র ছেলে
এরুলাগি,এজন্য
এরূরতা,এরকম
এলগেলাম,অবহে্লা
এলকু,এখন
এলনো,একপ্রকার মাছ
এললত,দোষ
এলা,অবহেলা
এলাইনচা,শাক
এলাজ,চিকিৎসা
এলান,ঘোষণা
এশখেরা,অবহেলা
এশবা,কিছুই না
এশনা,পার্শ্ব
এশির,নাবালক
এসতার,ইফতার
এসনেস,এদিক সেদিক
এসসা,হায়
এহানত,ঘৃণা
এড়া,নিয়ন্ত্রণহীন
এড়া,তালাকপ্রাপ্ত
এড়াও ছোলাও,হাসাহাসি
এড়ি,পরিধেয় বস্ত্রবিশেষ
এংকার,উপহাস
এংগল,কুকুর
এংগল মেকুর,নেহায়েত নগন্য
এংচারু,বদ মেজাজী
ওউনু,ঐ যে
ওখনাইন,এই গুলি
ওতা,উহা
ওতা ওতা,ঐসব
ওধন,ওজন
ওডুর,অল্প
ওতিল,এই তিলে
ওনে,চেয়ে
ওবা,ওহে
ওবা হুনি যাও,শুনে যান
ওমান্তে,এখন বা তখন থেকে
ওরে,বমি করে
ওরেবো,এই যে
ওলাউ,এই রকম
ওলাওঠা,বসন্ত
ওশকাল,অসময়ে
ওসয়ান,চা্লাক
ওড়া,পরিধান করা
ওড়িলউক্যা,গায়ে দিন
ঔত,এখানে
ঔততো,এই যে
ঔদদা,অহংকারী
ঔনু,এই যে
ঔলাকান,এইভাবে
কইও,বলো
কইছরত,চেষ্টা
কই ছুরত,কোনমতে
কইন,বলেন
কইন্না,কনে
কইমু,বলবো
কইলো,বললো
কইলকাত্তা,কলকাতা
কইলজা,কলিজা
কইলা,বললেন
কইলাউকা,বলে ফেলুন
কইলাও,বল
কও,বল
কওচাইন,বল দেখি
কওরি,মেয়ে
কওলা,বিক্রয় দলিল
কওয়াকয়ি,বলাবলি
কওয়ায় বুলায়ো,কথা বার্তায়
কক,কয়েক
ককটা,কয়েকটা
ককা,কাঠবিড়ালি
কগা,শ্বাসনালী
কগুল,ঝগড়া
কচকচে,অব্যক্ত বেদনা
কচক মচল,হাতাহাতি
কচবি,বেশ্যা
কচরা,দড়ি
কচলাকচলি,ঢলাঢলি
কচাইন,বল দেখি
কচারত,লোকসান
কচুটা,গামছা
কছা,কম
কছুর,দোষ
কটকটা,গাঢ়
কটটা,বাটি
কটমট,দুুুরবোদ্ধ কথাবলা
কটওয়ালে,কতোয়ালে
কটরা,পিতলের বাটি
কটা,কাঠবিড়ালি
কটাই মযর,নিচুুস্তরের লোক
কটাইয়া,শুধু অগ্রভাগ ধরে
কঠা,চোয়াল
কড করা,ব্যবসা করা
কডর মডর,খটখট
কাকই,চিরনি
কত আমল,অনেকদিন
কতলা,কতগুলো
কত বইল,কত সময়
কতিছাল,গন্ডগোল
কতোকিনি,অনেকখানি
কতোমন্তে,কতভাবে
কথা কানাইন,কথাগুলো
কথাকিনি,কথাগুলো
কথাধুনে,কথা চিন্তা করে
কথার অদ করা,দোষ ত্রুটি বের করা
কদর,সম্মান
কদরানি,ইচ্ছা থাকা সত্ত্বেও অনিচ্ছা প্রকাশ
কদু,লাউ
কদুর করা,কচি লাউ
কনকই,এক প্রকার শক্ত বাঁশ
কনকনা,নিরেট
কনকনি,গোঁ গোঁ শব্দ
কংকাল,শরীর শুকিয়ে যাওয়া
কনজুস,কৃপণ
কনচি,বেত
কনযিস,কৃপণ
কনডল,ঝগড়া
কনডলি,ঝগড়াটে
কননা বুয়াই,ভাবী
কনা,ছোট ছেলে
কনামনা,অতিছোট
কনামনাই,ছোট
কনি,ছোট মেয়ে
কপ,শব্দ বিশেষ
কপকপ,আলোচনা
কপরানো,লাঠির বা বাশের আঁখি ফালানো
কপাকপ,অনায়াসে
কপালর চাড়,কপালের হাড়
কপালি,ধনী
কব,কাবাব
কবলীয়ে,দুগ্ধবতী গাভীতে
কবোকবো করা,তর্ক করা
কম খোরাকি,সল্পাহারী
কমছে কম,কমপক্ষে
কমবল,পাছা
কমবল উযাগর,সর্বনাশ
কমবলে কমবলে,সাথে সাথে
কমযরফ,ছোটলোক
কমযে কম,কমপক্ষে
কমযিগর,দুর্বল
কমযিগরী,দুর্বল
কমযিলকা,কেঁচো
কমযিশ,কৃপণ
কমল,কম্বল
কয়দানা,মুরব্বী কয়েক
কপাল ঠারো,পরীক্ষা করো
কয়প,অভ্যাস
কয়ফল,পেঁপে
কয়ফি,নেশাখোর
কয়রা,অপরিপক্ব
কয়া,ফড়িং
কয়া,বলা
কয়া জায়না,বলা যায়না
কয়াপি,নেশাখো্র
কয়ার,তিতির পাখি
কয়ারও হদ,বলারও সীমা
কযা,ভুল
কযাবিললা,কদাচিৎ
কর,পেছন
করকচা,অতিবৃদ্ধ
করকাচা,কাঁচা পাকা
করচ,করমচা
করচা,কাঠালের পরিপক্ব কোষ
করচিয়া,কাঠালের পরিপক্ব কোষ
করট,পার্শ্ব
করদি,পেছন দিকে
করবরে,পেছন দিকে
করপা,কোষ
করমস্তাইল,গন্ডগোল
করমুখা,পিছন দিকে
করলামা,পিছনে যাওয়া
আগুয়ায়,ইতস্তত করে
করা,কোষ
করাইছ,করিও
করাইছইন,করিয়েছেন
করাইছে,করিয়েছে
করাইত,ঘৃণা
করাইল,কাঁকড়
করা করা,কঠিন সুরে বলা
করারি,ছোট নুড়ি পাথর
করিতরা,করছেন
করি বানা,অজুহাত
করিবুল হালাক,মৃতপ্রায়
করিল,বাঁশের অংকুর বা চারা
করুনা,একপ্রকার বড় লেবু
করুযা,নষ্ট
করুয়া,কুড়াল পাখি
করুল,কচিবাশ
করে,পিছনে
করে ছুটলা,পেছনে ছুটলেন
করেদি,পিছন দিকে
করোট,পাশ ফিরে
করোট ফিরাই,পাশ ফিরে
করোতরা,করছেন
কলং,কলঙ্ক
কলকলে,আস্তে আস্তে
কলচুংগী,হাতপাখার চুংগী
কলজিবরা,আলজহবা
কলতা,কুষ্ঠরোগ
কলতায় মারা,পক্ষাঘাতে মরা
কলতার বাতাশ,পক্ষাঘাত রোগ
কলনদার,সূফী সাধন পদ্ধতি
কল্পে জল্পে,সন্তর্পণে
কলম,শাক বিশেষ
কলমশাখ,কলমিশাক
কলম তরাশ,চাক
কলাযাক,উপরা উপরি
কলারডেক,মোচা
কলিয়া,বড় টুকরা
কলুম,গাছের ডাল কেটে অন্যত্র রোপন
কলে,সুযোগে
কলেকলে,কনে রূপে
কশবি,বেশ্যা
কশা,বিরক্ত
কশানো,ভুল করা
কশোন,কালি
কশোর,কাশবনের তৈরি
কসা,টানাটানি
কসা্রত,লোকসান
কসুটা,মালকোঁচা
কসুয়া,সবুজ
কড়ুয়া,অধিক পরিমাণে
কড়ুুর,কড়ি
কাংটা,কৃপণ
কাংলা মাছ,শোল মাছ
কাআলিশ,আঁচিলের মত ক্ষুদ্র কীট
কাই,নরম
কাইক,কদম
কাইচ,রতি
কাইচামিচ,কষ্ট অনুভব
কাইতা,নীচুজাত
কাইতা্ম,কাটতাম
কাইন,কানুন
কাইন না কাড়ে,কথা বলেনা
কাইম,স্থায়ী
কাইমা রঙ,কাইম পাখির রঙ
কাইমে খাওয়া,সকলে মিলে খাওয়া
কাইরত,শক্তি
কাইরগোলা,গো্লা
কাইল্যারা,মাছ বিশেষ
কাইললা,একপ্র্রকার গাছ
কাইসমা,পেটুক
কাউউনি,কাক(স্ত্রী)
কাউকরা,গুল্ম জাতীয় উদ্ভিদ
কাউকরা হাগা,কৃপণ
কাউচা,কুলটা
কাউছাল,তর্ক বিতর্ক
কাউনি,কাশি
কাউমলা,কামলা
কাউমাউ,অস্পষ্ট রব
কাউয়া,কাক
কাউয়া কেচ কেচি,কলহ
কাউয়া কেচলামি,কলহ
কাউয়া ঘুম,অগভীর নিদ্রা
কাউয়া জাল,বেলে জাল
কাউয়ার ডাক,খুব ভোরবেলা
কাউয়ানি,কাশি
কাউয়া লুলি,মাকাল ফল
কাউয়া শিয়ান,স্বার্থপর
কাউর,ঈর্ষা
কাউরি,দেওয়াল ও ছাদের মিলনস্থল
কাউললা,বধির
কাউস,ক্রোধ
কাউসালি,বিবাদ
কাওন,টাকা
কাওয়া,কাশা
কাওরা,কোনাকুনি
কাওলাকাওলি,জড়াজড়ি
কাকরাইন,খলুই
কাকরোল,সবজি
কাকাইল,কাঁখ
কাকাল,কোমর
কাকালি,কোমর
কাকিয়া,মাছ বিশেষ
কাকুরা,গুল্ম জাতীয় উদ্ভিদ
কাগ,চুংগা
কাগযি,কাঠ পেন্সিল
কাগা,কাক
কাচখিরা,অর্ধকাঁচা
কাচতলা,পায়খানা
কাচতা,হা-ডু-ডু খেলার কোট
কাচতি,কাঁচা
কাচমউয়া,কাঁচা মিঠা
কাচরা,ময়লা
কাচলি,সদ্যজাত শিশু
কাচাতেল,সরিষার তেল
কাচারাড়ি,সদ্য বিধবা
কাচা হুরুরতা,সদ্যজাত শিশু
কাচি,কেঁচি
কাচুয়া,কচি
কাচো,পেটুুক
কাছলি,বড় পাত্র
কাছাত,কাছে
কাছার,কাছে্র
কাছিম,কচ্ছপ
কাঞ্চাত,কাছে
কাটটাগুলাম,একেবারে নিকৃষ্ট
কাটটাাচুল,কনেের সমান কাটা চুল
কাটনি,অসাক্ষাতে কারো বিরুদ্ধে অভিযোগ
কাটাইল,ছুরি
কাটাওলা,একপ্রকা্র ঘাস
কাটাকামানি,দাঁড়িপাল্টা
কাটালেবু,কাগজি লেবু
কাটাল পাখির বুলি,অনিশ্চিত
কাটুয়া,কৃপণ
কাটুয়ামি,কৃপণতা
কাটে,দংশন করে
কাঠল,কাঁঠাল
কাঠিয়া,হাল চাষের উপকরন
কাডইল,ছোট দা
কাডল,কাঁঠাল
কাডুয়া,মাছ ধরার উপকরণ
কাতরা,সামান্য
কাতার,সারি
কাতি মাস,কার্তিক মাস
কাতিয়া,টিনের কৌটা
কাতে পাওয়া,সুবিধায় পাওয়া
কাতুর কুতুর,কাতুকুতু
কাদিমি,স্থায়ী
কাদুল,বাঁশ বা কাঠের দন্ড
কানকাইয়া,খুব আস্তে আস্তে
কানগরা,কানের নিচের অংশ
কানচা,কিনারা
কানচি,কাঁচি
কানজি,বাসি
কানটামি,তর্ক
কানডা,একগুয়ে
কানতাই,পানের বড় গুচ্ছ
কানতাইয়া,অন্যদিকে চলা
কানতানো,পাশ কাটা
কান্দা,কাঁদা
কান্দাতনে,কাছ থেকে
কান্দি,আঁটি
কান্দিতরা,কাঁদছেন
কান্দোর,কাঁধের
কানা,অন্ধ
কানাকি,হিংসুক
কানা পুকরা,খুঁত
কানাফি,পোকায় খাওয়া
কানি,চুল বাধার ফিতা
কানি আঙ্গুল,কনিষ্ঠ আঙ্গুল
কানি আরে,আড় চোখে
কানি কাছার,নিকটের
কানি চউখে,আড় চোখে
কানুরা,নিষ্কর্মা
কানো,কোথায়
কানো যাইরায়,কোথায় যাচ্ছ
কাবার,শেষ
কামড়ি,আমাশা
কামাই,রোজগার
কামিল,জ্ঞানী
কাযল,প্রদীপের কালি
কাযমায,অনুনয় বিনয়
কাযমিনতি,কাকুতিমিনতি
কাযলাম,খিজালত
কাযিমরা,আধামরা
কাযিয়া কেরেংকাল,কলহ
কাযিয়া মাযিয়া,কলহ
কাযে বাগে,প্রয়োজনে
কারবার,ব্যবসা
কারকোল,সবজি
কারি,ক্রিয়া
কারী করেনা,কার্যকরি হয়না
কালাম,বাক্য
কালাা মেগডর,গাড় কালো রঙের
কাহন,টাকা
কাড়,মাচান
কাড়িবা,কেঁড়ে নিবে
কাড়িবা রাও,কথা বলবেন
কাড়ে,বলে
কাড়ো,প্রচার করো
কিঅনে,কি হতে
কিওর,কিসের
কিকলে,কি কৌশলে
কিগু,কে
কিগুুরে,কাকে
কিছিম,রকম
কিতা,কি
কিবাকাম অইল,কী কান্ড ঘটল
কিমাইরত,কি তত্ত্ব
কিয়ান্তনে,কোথা হতে
কিয়ানো,কোথায়
কিয়ারী,ভুুমি খন্ড
কিরকালী,চিৎকার
কিরপায়,কৃপায়
কিরমি,কৃমি
কিলা,কিরূপে
কিহালে,কিরূপে
কিড়া,পোকা
কুওরি,কোলের
কুকানি,ঘোঙ্গানি
কুক্কু,কুকুর
কুচা,মাছ মারার কুঁচ
কুচি,হাঁস মোরগের ঘর
কুজা,শিখর
কুট,শাড়ির আঁচল
কুট-কুটাইয়া,সামা্ন্য শব্দ করে
কুটা,লম্বা বাঁশ
কুটি,ছোট
কুটিকুটি,টুকরো টুকরো
কুটিমুটি,ছোটখাটো
কুটিয়া,চূর্ণ করে
কুতকুতাইয়া,কুতকুত শব্দ করে
কুত্তা,কুকুুর
কুত্তা লাকান,কুকুরের মত
কুদাইয়া,রেগেমেগে
কুদা্ম,ধমক
কুদাম লয়,ধমক দেয়
কুদিয়া,রেগেমেগে
কুন,গৃহকোণ
কুনাকুনি,আড়াআড়ি
কুনাচি,তির্যক
কুন্তা,কোন কিছু
কুন্তাউ,কোনো কিছুই
কুন্তাত,কোন কিছুতে
কুন্তাবুদ,কোনকিছুর খবর বা টের
কুন্তায় নু কুন্তা,কিছুতেই কিছু
কুন্দাবারা,ধান ভানা
কুনিবেং,ঘরের ব্যাঙ
কুনুগু,কোনো জন
কুনু এমড়ায়,কোন কিছুতে
কুনুকলেনি,কোনভাবে কি
কুনুছুরত,কোনমতে
কুনুটলকে,কোন প্রকারে
কুনুপুরে,কোনো অংশে
কুনুমন্তে,কোনমতে
কুনুমুনি,কোনো পুরুষ
কুনে,কে
কুপিয়া,পুতে
কুবাই,কোথা
কুবাইতনে,কোথা হতে
কুবাইতো,কোথা হতে
কুমইর,কুমির
কুয়াই,কোথায়
কুয়াইতো,কোথা হতে
কুয়াইয়ো,কোথায়
কুয়িলার,কুকিলের
কুরছি,ঝিমিয়ে পড়া
কুরতা,জামা
কুরশী,কেদারা
কুরিয়া,অলস
কুরী,রাজকুমারী
কুরোন্তইল,কোলাহল
কুলা,কোলা
কু্লাইল,কোলাহল
কুলি,কোকিল
কুশ,কোষা
কুশাম,বদনাম
কুশিশ,চেষ্টা
কেউকুন্তা,কেউ কিছু
কেউতনে,কেউ হতে
কেউর,কারো
কেউরি,কারো
কেউরিরে,কাউকেও
কেওলা,ফলক
কেওড়,দরজা
কেওয়ারি বেওয়ারি,অসংখ্য
কেওয়াড়,দরজা
কেচলি,সদ্যজাত শিশুু
কেছুয়া,সন্তান
কেতরানি,আর্তনাদ করা
কেমোলা,কীরূপে
কেরাল,করলা
কেরে,কে
কেরেংকাল,বিবাদ
কইতর,কবুতর
কোরাল,কোলাহল
খইচুরা,কালো পুতি জাম
খইদা,অপব্যয়ী
খইবার,খুলবার
খইয়া,খলিসা মাছ
খইয়াছুলা,গালমন্দ করা
খইরকা পাট,শক্ত আঁশ যুক্ত পাট
খইরো খইরো,প্রতি প্রহরে
খইল,কানে্র ময়লা
খউরা,ঘরোয়া
খকরানি,নাক ডাকা
খগানা খগানি,মুরগীর ডাকাডাকি
খগা্নি,মুরগীর ডাকাডাকি
খচ্চরি,চুলকানি
খচা,খুটা
খচিতে,আছরাতে
খছম,স্বামী
খছা,দণ্ড
খদিও,খনর
খনদ,চাষাবাদ
খপরা,ধমক
খফ,ভয়
খবরউলি,দূত
খবরি,দূত
খবরিয়া,দূত
খবিছ,খবিশ
খমতা,ক্ষমতা
খয়াই,খুলে
খয়াইদিলা,খুলে দিলেন
খরখরা,অমসৃণ
খর দাউত্তা ছিলা,চরম চরিত্রহীনা
খলই,বাঁঁশের তৈরি মাছ রাখার পাত্র
খলকা,টুকরো
খলল,নষ্ট
খলাইন,দাঁবি করা
খলায়,ভান করে
খলিল চিতা,সুচিত্তের অধিকারি
খশি,খাসী
খসি গেছে,খুলে গেছে
খত,চিঠি
খাই,গর্ত
খাই খিলাইতে,খানাপিনাতে
খাইচ্চর,খচ্চর
খাইছ,খেয়ে নিও
খাইছইন,খেয়েছেন
খাইছত,আচরণ
খাইছন,খেয়েছেন
খাইছননি,খেয়েছেন নাকি
খাইছর,নোংরা লোক
খাইছি,খেয়েছি
খাইট,অভ্যাস
খাইট্যাল,দুষ্ট গরু
খাইতরা,খাচ্ছেন
খাইতানানি,খাবেন নাকি
খাইতা্নি,খাবেন নাকি
খাইতায়নি,খাবে নাকি
খায়তায়নায়নি,খাবে না নাকি
খাইতেনি,খাবে নাকি
খাইন,খান
খাইবা,খাবে
খাইবায়,খাবে
খাইবায়নে,খাবে
খাই যাওয়া,ক্ষয়ে যাওয়া
খাইয়ার,খাচ্ছি
খাইরা,খাচ্ছেন
খাইরায়নি,খাচ্ছো নাকি
খাইল,কাঠের তৈরি শস্য পেষানোর যন্ত্র
খাইলাইছে,খেয়ে ফেলেছে
খাইলাইন,খেয়ে ফে্লুন
খাইলাইমু,খেয়ে ফেলব
খাইলাও,খেয়ে নাও
খাইলানা,খান নি
খাইলিমু,খেয়ে ফেলব
খাইশ,খায়েশ
খাউক,খাক
খাউকা,খান
খাউজলি,চুলকানি
খাউজানি,চুলকানি
খাউট্টা,স্ত্রীর সাথে বিবাদকারী
খাউনা,খানাপি্না
খাউরা,খাদক
খাউলা,খামচি
খাউল্যা,চামড়ার ব্যবসায়ী
খাউড়,জলজ উদ্ভিদ
খাউড়া,পায়ের অলংকার
খাউজায়,চুলকায়
খাওন  জিয়ন,খাওয়া- বাঁচা
খাওরি,ব্যঙ্গ
খাওরি খাওয়া,ব্যঙ্গ করা
খাকরা খাকড়ি,বিবা্দ
খাগড়া,ঘাস জাতীয় তৃণ
খাচলত,আচরণ
খাছতা,ক্ষতি
খাজলি,চুলকানি
খাজা,পদবি
খাজুরি,খেজুরের ন্যায় মিষ্টি খাদ্য
খাজুল,নিরাশ
খাটা,খাট্টা
খাটাউরি,খাটায় যে
খাট্টাশ,খাটাশ
খাটি ধুতি,ছোট ধুতি
খাটুলি,খাটে যে
খাটে  মুগইরে,ক্রুদ্ধভাবে
খাত,বিষয়ে
খাতরা,দোষ
খাতরা ধইলে,দোষ ধরলে
খাতাগিল,ভুুলচুক
খাতির,সৌজন্য
খাতিরজমা,আশ্বস্ত
খাদরা,অমসৃণ
খাদা,গামলা
খাদারি,মুখাপেক্ষি
খাদিম,সেবক
খাদিম করি,যত্ন করি
খাদিম তুয়াজ,সেবাশুশ্রুষা
খাদিমদার,সেবক
খাদিমা তরফর,সেবাদাসীর গর্ভজাত
খানকা,পীরের আস্তানা
খানককা,অযথা
খানকি,দুশ্চরিত্রা নারী
খান্ত,শেষ
খানদান,ভালো বংশ
খানাউনি,খানাপিনা
খানি,খাদ্য
খানি খাইতানি,ভাত খাবেন নাকি
খানিবনি,ভোজন
খানি বেগর,খানা ব্যতীত
খানে,ঘরজামাই
খানেওয়ালা,খায় যে
খানে দামান,ঘরজামাই
খানেবাড়ি,দাসদাসীর জন্য তৈরি বাড়ি
খাপ,ছাদের কাঠামো
খাপ ধরা,ওত পেতে থাকা
খাপধরি,ওত পেতে
খাপে খাপে,যথা স্থানে
খা'ব,স্বপ্ন
খাবলা,খামচি
খাবাইলা,খাওয়ালেন
খাবাও,খাওয়াও
খাবাউক,খাওয়াক
খাবানি,খাওয়ানো
খাম,বিনষ্ট
খাম খাতরা,দোষত্রুটি
খাম খাম,খাই খাই স্বভাব
খামটা,খামচি
খাম্বা,স্তম্ভ
খাম্বারে,থুনিকে
খামিরা,সুগন্ধী তামাক
খামুছত,অবাক
খামোখা,খামাখা
খামোখাা গুছা,অযথা রাগারাগি
খাবরুয়া,একগুঁয়ে
খারা,বিপদ
খারিচতা,নোংরা
খারিজ,বাতিল
খারিজা,পৃথক
খারুমারা,রাজি না হওয়া
খাল,চামড়া
খালবাকল,চামড়া
খালাছ,শেষ
খালান,চামড়া ছিলানো
খালাছ,সমাপ্ত
খালায়,খেলে
খালি,শূণ্য
খালি খালি,শুধু শুধু
খালিছ,একনিষ্ঠভাবে
খালিবো,খেয়ে ফেলবে
খালুয়া,চামড়া ব্যবসায়ী
খাস তরফের পুয়া,আসল স্ত্রীর গর্ভজাত ছেলে
খাড়,হাতের অলংকার
খাড়া,দণ্ডায়মান
খাড়ি,টুুকরো
খাড়ি খাড়ি,টুকরো টুকরো
খিকরাইল,এলোমেলো
খিচকারা,খুঁত বের করার প্রবৃত্তি
খিচা,পলিথিনের ব্যাগ
খিচাল,চাল-চলন
খিচালত,বিদ্রূপ
খিজালত,বিদ্রূপ
খিত্তা,জমির পরিমাণ
খিরসা,দুধের ক্ষীর
খিরাও,দুগ্ধ দোহন কর
খিরান,দুগ্ধ দোহন করা
খিরানি,দুগ্ধ দোহন করা
খিরায়,দুগ্ধ দোহন করে
খিলকা,পোশাক
খিলা,অকৃষি জমি
খিলানেওয়ালা,খাওয়ায় যে
খিলাপ,বাদ
খিলাল,দাঁত খিলানোর শলা
খিলায়,খাওয়ায়
খিয়ানত,আত্মসাৎ
খিয়াল,খেয়াল
খিয়ালি,রসিক
খুইদ,খুদ
খুইদ্যা,খুঁড়ে
খুইবো,নষ্ট হবে
খুইশ্যে,খুশিতে
খুচ,কুঞ্চিত কিঞ্চিত ভাঁজ
খুচখাচ,ভাঁজ
খুচা,খোঁচা
খুজিনি,যে মহিলা খুঁজে
খুটা,খোটা
খুটাকিনি,খোটা
খুটা দেওরি,খোটা দেয় এমন মহিলা
খুটিয়া,অলংকার
খুতি,কোমরের বেঁধে রাখার টারসালি
খুদা,খনন করা
খুন্দা,গর্ত
খুনটানি,খুটানো
খুনি ধাউত,ঋতুস্রাব
খুনিয়া,খুনি
খুপলাশি,খোপাযুক্ত মোরগ
খুপা,খোপা
খুপেখাপে,চিপা চাপায়
খুবছুরত,অতি সুন্দর
খুবাই গেছে,খুলে গেছে
খুবি,সৌন্দর্য
খুবুলি,ভালো কথা
খুমটানি,খুটানো
খুমখুমা,হাৃষ্টপুষ্ট
খুমারি,অহংকার
খুয়া,কুয়াশা
খুয়াই,খুলে
খুয়াই গেছে,খুলে গেছে
খুয়াইলা,খুলে ফেল
খু্যাইলাও,খুলে ফে্ল
খুয়াইলাইন,খুলে ফেলুন
খুয়াইলাইকা,খুলে ফেলুন
খুয়ানি,হারিয়ে যাওয়া
খুয়াপ,স্বপ্ন
খুয়াব,স্বপ্ন
খুর,ক্ষুর
খুরখুন্দা,গুঁড়ো গুঁড়ো
খুরচন,নারিকেল কোরানি
খুরা,পায়া
খুরিশ,খাদ্য
খুলখুলা,সারশূন্য
খুলাপাতলা,দরিদ্র অবস্থা
খুশবরদা,সুগন্ধি
খুশিবাসি,আনন্দ
খুড়দা,খুচরা
খুড়া,খোঁড়া
খুংগি,পঞ্জিকা
খেইল,খেলা
খেইড়,খেলা
খেউদ,আগ্রহ
খেউপা,বেওকা
খেউরি,চুল কাটানো
খেউলার,খেলোয়াড়
খেওয়ানি,খেয়ার মাঝি
খেক্কারি,গলা খাকানি
খেতকুতি,কাতুকুতু
খেচা,টান
খেচি,জোরে
খেচিনো,মজবুত করে নির্মাণ করণ
খেচিয়া,মজবুুত করে
খেছিছে,মেরেছে
খেজাব,রঙ দেওয়া
খেত,ক্ষেত
খেতকিরি,কৃষি ক্ষেত
খেতা,কাথা
খেতি,ক্ষতি
খেদান,তাড়ানো
খেন,ক্ষণ
খেনর পয়দা,শুভক্ষণে জন্ম
খেপ,কিস্তি
খেম,অংকুর
খেমতা,ক্ষমতা
খেমা,ক্ষমা
খেমা দিল,বাদ দিল
খেমেতা,ক্ষমতা
খেরখেটা,কর্কশভাষী
খেলা নেলা,আমোদপ্রমোদ
খেশ,কুটুম্ব
খেড়,বিচালী
খেড়দি,খড় দিয়ে
খেড়ুল,কচি
খেড়ুলি,অবুঝ শিশু
খোমা,বোবা
গইত,গতি
গইতে,সুযোগে
গইতে কাটতে,গত হতে
গইদর,নোংরা
গইন,গহীন
গইপা,গল্প করে যে
গইয়া,ধীরে
গইয়া গইয়া,ধী্রে ধীরে
গইসই,ধীরে সুস্থে
গঞ্জি,গেঞ্জি
গচা,কা্টা
গচ্ছারি,তাড়াতাড়ি
গছা,গ্রহণ করা
গছেনা,গ্রহণ করে না
গজা,ক্ষতিগ্রস্ত করা
গজারি চোখ,বড় চোখ
গজি,লম্বাকৃতি
গঠন,আকৃতি
গতর,শরীর
গতরো,গায়ে
গন,গন্ধ
গন্দুম,গন্দম
গনিম,শত্রু
গনিমত,যুদ্ধলব্ধ মালামাল
গপ,গল্প
গপসপ,গল্প গুজব
গপে গপে,কথায় কথায়
গপানি,গালগপ্প করা
গপিয়ালা,গল্পকার
গব,গল্প
গমি,দুঃখ
গমপিন,বিষণ্ণ
গয়,গত হয়
গয়াইলাম,গত করলাম
গয়ার,গোয়ার
গয়ের কাল,সময় গত হচ্ছে
গরকি,জলোচ্ছ্বাস
গরচা পুয়া,যুবক ছেলে
গরচি,বাঁশের ফালি
গরজ,প্রয়োজন
গরজা,রাগত চিৎকার
গরজি,গরজ
গরদনা,গর্দান
গরদা পুয়া,বেশ বড় ছেলে
গরদিশ,দুর্ভাগ্য
গরনে,গ্রহণে
গরপায়,ঝিলিক মারা
গরবর,অস্বাভাবিক
গরবিতা,মান্য
গরভধনী,গর্ভধারিণী
গরমাই,তেজ
গরমি,গরম
গরমিল,অমিল
গরানর পানি,বন্যার জল
গরিবগুরবা,দরিদ্র্র
গরিবগুুরা,দরিদ্র
গরিবানা,গরিবের মতো
গরিমা,অহংকা্র
গলতি,ভুল
গলফাস,গলবিন্ধ রোগ
গলা আশকি,গলা খাকানো
গলা মার,মাছের কাঁটার আঘাত
গলিভাই,সাথি
গড়খাই,পরিখা
গড়গড়া,কুল্কুচি
গড়ি,সোজা
গা,শরীর
গাই,গাভী
গাইট,বস্তা
গাইট-শুইট,পোটলা-পুটলি
গাইদর,নোংরা
গাইদরামি,নোংরামি
গাইঞ্জা,গাঁজা
গাইঞ্জাখুর,গাজাখোর
গাইনজা,আটসাট করে
গাইনজা গাইনজি,আটসাট করে
গাইনজাইয়া,বেশি পরিমানে
গাইন,গান গায়
গাইব,গায়েব
গাইয়া ঘি,ঘৃত
গাইর,গুঁহ্যদ্বার
গাইরা,পুঁতে
গাইল,গালি
আপনে কই যাইতা,আপনি কোথায় যাবেন
আমি মাধবকুন্ড যাইতাম ,আমি মাধবকুন্ড যাবো
কই তাকি আইছইন? ,কোথা থেকে আসছেন
আমি ঢাকা থাকি আইছি ,আমি ঢাকা থেকে আসছি
এই যাইবায় নি বা মাধবকুন্ডত?,এই যাবেন নাকি মাধবকুন্ডে
জিওয় যাইমু,হ্যাঁ যাবো
খালি যাওয়া না যাওয়া-আওয়া? ,শুধু যাবেন নাকি গিয়ে আবার আসবেন
ভাড়া ১০০ ওইবো ,ভাড়া ১০০ টাকা দিবেন
অত বেশি খেনে? ,এত বেশি কেন
ইগুতো নরমাল রেট ,এটা নরমাল ভাড়া
একটু খমানি যায় নানি? ,একটু কমানো যায়না
না ভাই কম ওইতো নায় ,না ভাই কম হবেনা
না রেবা ইলা ওইতো নায় ,না এটা হবেনা
আচ্ছা তুড়া কম দিলাইবা ,আচ্ছা একটু কম দিয়ে দিবেন
কাঠালতলীর রাস্তা কোনবায় দি ভাই? ,কাঠালতলীর রাস্তা কোনটা ভাই
ওবায়দি সুজা যাক্বা ,এদিক দিয়ে সোজা যাবেন
ইতার দাম কিলা? ,এটার দাম কত
অত দাম কেনে বা? ,এত দাম কেন
কিছু কমানি যায় নানি ,কিছু কমানো যায় না
না ভাই পারতাম নায় ,না ভাই পারবোনা
আচ্ছা তে আর নিমু কিলা রেবা ,তাহলে আর নেই কি করে
ভাড়া খত বা?,ভাড়া কত টাকা?
বক্কা খাইয়া যাইবা ,বসেন খেয়ে যাবেন
কিতা আছে তরকারী? ,কি আছে তরকারী?
আপনি কিতা দিয়া খাইবা?,আপনি কি দিয়ে খাবেন?
ঝাল ফ্রাই আছে… আছে আপনে কিতা খাইবা? ,ঝাল ফ্রাই… আছে আপনি কি খাবেন?
আমারে ঝাল ফ্রাই দিলাইয়ো ,আমাকে ঝাল ফ্রাই দিবেন
লগে আর কিচ্ছু খাইবা নি?,সাথে আর কিছু খাবেন?
না আর কিচ্ছু খাইতাম নায় ,না আর কিছু খাবোনা
বিল কত টাকা ওইছে বা? ,বিল কত টাকা হয়েছে?
ভাই হোটেলোর ভাড়া কত? ,ভাই হোটেলের ভাড়া কত?
আইজ আমরা হোটেল ছাড়ি দিমু ,আজ আমরা হোটেল ছেড়ে দিবো
ইকান থাকি সিলেট যাইতাম কিলা? ,এখান থেকে সিলেট যাবো কিভাবে?
সিএনজিয়ে গেলে কত টাকা ভাড়া ওইবো ,সিএনজিতে গেলে কত টাকা ভাড়া লাগবে
আপনে কিতা কইন আমি বুজিয়ার না ,আপনি কি বলেন আমি বুঝি না
আচ্ছা ভাই তে যাই এখন ,ওকে ভাই তাহলে এখন আসি
গেদা ছাবাল,ছোট বাচ্চা
হুরু হুরুতা,ছোট বাচ্চা
ছিপ,চামচ
আখল,বুদ্ধি
বারিক,ছোট
ছালম,তরকারী
হেরান,ক্লান্ত
বেঙ্গা,সমস্যা
টেঙ্গা,টক
হেঙ্গা,বিয়া
বেসেবা,সাহসী
ডাটটা,সোজা
খচুয়া,সবুজ
বিয়ান,সকাল
হাইঞ্জা,সন্ধা
মেকুর,বিড়াল
উন্দাল,রান্নাঘর
কুটা,বাশের লাটি
পুয়া,ছেলে
বেটি,মহিলা
পুড়ি,মেয়ে
জোয়ান,যুবক
মুত,প্রশ্রাব
আঘা,টয়লেট
কই/খানো,কোথায়
দামান্দ,বর
লত,লতা
ইলা,এ রকম
ওবা,হ্যালো
আউক্কা,স্বাগতম
ভালা নি,কেমন আছেন?
জি ওএ মুই ভালা আছি,আমি ভালো আছি।
আপনার নাম কিতা,আপনার নাম কী?
আপনে কানথনে আইছৈন,আপনি কোথা থেকে এসেছেন?
মুই ঢাকা থনে আইছি,আমি ঢাকা থেকে এসেছি
জিওএ,হ্যাঁ
জিনা,না
হিতারে হিকাইওনা,তাদেরকে শিখিয়োনা
বাদে তারাও মাতিবা আমরার লাখান,পরে তারাও আমাদের মত কথা বলবে
হুফা,মাস্ক
হউর,শশুর
হড়ি,শাশুড়ি
ভাউর,ভাসুর
দেওর,দেবর
খইন্না,কনে
দামান্দ,বর
ফুয়া,ছেলে
ফুড়ি,মেয়ে
হুরুত্তা,বাচ্চা
ছাবাল,নবজাতক
বেটা,পুরুষ
বেটি,মহিলা
উজাগরি,রাত জাগা:
ডেখা,ষাঁড়
গুয়াল মাছ,বোয়াল মাছ:
ছিলিফ,প্রেসক্রিপশন
বিয়ান,সকাল
মাদান,দুপুর
হাইঞ্জাবালা,সন্ধ্যা
বিয়াক্কল,বোকা
সিয়ানা,চালাক
গোঙ্গানি,ফুপিয়ে ফুপিয়ে কাঁদা
ফুর,ছিদ্র
গাত,গর্ত
ফেখ,কাদা
ভইস,মহিষ
কুত্তা,কুকুর
বিলাই,বিড়াল
বলা,বোলতা
জির,কেঁচো
ইছা,চিংড়ি
ছেং মাছ,টাকি মাছ
ঠেং,পা
থুতা,থুতনি
মুরা,টাকনু
ছেফ,থুতু
খল্লা,মাথা
খেতা,কাঁথা
হক্কল,সকল
মিছা,মিথ্যা
গুড্ডি,ঘুড়ি
আখতা,হঠাৎ
আড়া,জঙ্গল
হিঙ্গি,শিং মাছ
খানাখানি,ফিসফিস
কিতা,কি
উরি,শিম
লুবুরি,বরবটি
গুয়া,সুপারি
সফরি,পেয়ারা
খয়ফল,পেঁপে
জাম্বুরা,বাতাবি লেবু
নাইকল,নারিকেল
হাগ,শাক
নালি শাগ,পাটশাক
ডুগি,ডাটা শাক
খাচি,কাস্তে
উন্দাল,রান্নাঘর
ফৈটা,চিচিঙ্গা
চুকা,টক
ডালি বরা,পেঁয়াজি
বিরান করা,ভাজা
হাছা,সত্যি
হুয়াগ,আদর
লেমটন,হারিকেন
খাটল,কাঁঠাল
বাট্টি,খাটো
বইন,বোন
পালং,খাট
বেবাট,অসামাজিক
বারমাইয়া,বারমাসি
বনি,শুরু
তুকানি,খোঁজা
শুক্কুরবার,শুক্রবার
অয়,হ্যাঁ
বউত্তা,বেশি
তুড়া,কম
ওবায়দি,এদিকে
হবায়দি,সেদিকে
মেমান,মেহমান
ইকান,এখান
আখল,বুদ্ধি
বেঙ্গা,সমস্যা
বেসেবা,সাহসী
জোয়ান,যুবক
আবিতা,অবিবাহিত
মাত,কথা
শিরা,ঝোল
ফাখানি,ভ্রমণ
ছান,চাঁদ
আতারে-ফাতারে,এদিক-সেদিক
ফতা,সেহরি
খবিছ,দুষ্ট
ফেরত,খারাপ
হুটকি,শুটকি
বেমারি,রোগী
ছিল্লাছিল্লি,চেঁচামেচি
ছউক,চোখ
ফেটোবুক,ক্ষুধা
হউল মাছ,শোল মাছ
গাগট মাছ,আইড় মাছ
হিয়াল,শেয়াল
নেউল,বেজি
হইরো খেত,সরিষাক্ষেত
ভেট,শাপলা
হুফুর ঘর বইন,ফুফাতো বোন
হুফা,ফুফা
খটা,কাঠবিড়ালি
বাড়ল,বনবিড়াল
হফার,নদীর অপর পাড়
গাঙ,নদী
ছা দেওয়া,হালচাষ
ধান বাইন দেওয়া,ধান রোপন করা
অলিমা,ওয়ালিমা
হবায়দি যাও,ঐদিকে যাও
হে,সে(পুরুষ)
তাই,সে (মহিলা)
তাইন,তারা
তোমাতানর,তোমাদের
হখলর,সবার
দাওত,দাওয়াত
এরে হুনরায় নি,এই শোন
হুনরায়নি,শুনছো
খাইলকুর ছাবাল,এতোটুকু বাচ্চা
খয় কিতা,বলে কি
থাবড়াইয়া,থাপ্পড়
দাঁত ফালাই দিমু,দাঁত ফেলে দেব
হালা,শালা
জামির,লেবু
নুন,লবণ
তিত্তা,তিতা
মিটা,মিষ্টি
খের,খড়
নাইড়কল,নারিকেল
ইন্দুর,ইঁদুর
ছিকা,ছুঁচো
উদ,ভুঁদোড়
উলা,বিড়াল(পুরুষ)
মেকুর,বিড়াল( স্ত্রী)
কুত্তি,কুকুর (স্ত্রী):
ডেখা বাইচ্চা,বাছুর (পুরুষ)
ডেকি বাইচ্চা,বাছুর ( স্ত্রী)
গাই,গরু( স্ত্রী)
মাইমল,জেলে
কিরান,পান বিক্রেতা
মাজন,মহাজন
ফু,শুশুক
বাইং মাছ,বাইন মাছ
লুফ,ব্রেড
খাফনা,ঝিনুক
কুছা,টেটা
হালুক,শালুক
তেরাবন,কাশবন
উনদাল,কিচেন
খিড়কি,জানালা
দউকনর বাতাস,দখিনা বাতাস
সুরুজ,সূর্য
তেরা,তারা
আগুনের লুক্কা,উল্কা
লুক্কা,আগুনের গোলা
মাদান,দুপুর
হাইঞ্জা,সন্ধ্যাবেলা
ফতা,সেহরি
ফতাবালা,সেহরির সময়
হুরুতা,শিশু
মাজ রাইত,রাতদুপুর
মেড়ামেড়ি,ভেড়া
ফেলইন,ঠেলা জাল
ফনা,মাছের পোনা
উয়া,শ্বাস
ফালাই দেওয়া,ফেলে দেওয়া
ফেনাফাতা,কচুরিপানা
দরজা খুইল্লা উবাই,দরজা খুলে দাঁড়াই
শীতর হাওয়া আমারে ছইয়া যায়,শীতের হাওয়া আমাকে ছুঁয়ে যায়
"কত দূর থাকি ই হাওয়া আয়, জানি না","কত দূর থেকে এই হাওয়া আসে, জানি না"
কত দুর আমার চউখ যাইত চায়,কত দূর আমার চোখ যেতে চায়
ইতা ভাবতে ভাবতে বেইল পুরায়,এটা ভাবতে ভাবতে সময় ফুরায়
হাওয়া ঘরো ঢুকি পড়ি থাকে,হাওয়া ঘরে ঢুকে পড়ে
বিছনাত গড়াগড়ি করে,বিছানায় গড়াগড়ি করে
আমার শরীল ধইরা নাচতে নাচতে,আমার শরীর ধরে নাচতে নাচতে
"নাই অইযায়, আর","হারিয়ে যায়, আর"
আমি উড়ি উড়ি সাকিন খুজি,আমি উড়ে উড়ে ঠিকানা খুঁজি
কই থাকি ই হাওয়া আয়।,কোথা থেকে এই হাওয়া আসে
কে উবাইয়া ডাকে আমারে,কে দাঁড়িয়ে ডাকে আমাকে
"দুরই থাকি, ইশারায়","দূর থেকে, ইশারায়"
দরজাত তালা নাই,দরজায় তালা নেই
লাগে আমার মন যাই যাই করে,লাগে আমার মন যেতে চায়
আমি বুঝি না,আমি বুঝি না
কেনে ইলা দিন আমার যায়,কেন এভাবে দিন আমার যায়
আমি গাছর বায় চাই,আমি গাছের হাওয়া চাই
দেখি কউচ্ছা পাতা লতা লটকি আছে,দেখি কত পাতা লতা ঝুলে আছে
মনো অয় আমিও যাই,মনে হয় আমিও যাই
তারার লাকান আসমানোর গাওত,তারাদের ঢাকা আকাশের গায়ে
লটকি লটকি ঘুরাত থাকি,ঝুলে ঝুলে ঘুরতে থাকি
ইতা দিন পরবাস অইগেছে,এভাবে দিন পরবাস হয়ে গেছে
আইলর ঘাস,আঁইলের ঘাস
পথর কান্দাথ ফুল,পথের পাশে কান্নার ফুল
মুড়াইল আশি লাগা ঢেউ,মুড়িয়ে আসা ঢেউ
আমারে তইয়া কই গিয়া লটকি আছে,আমাকে ঠেলে কোথায় গিয়ে ঝুলিয়ে রেখেছে
আতও বেইল নাই,এখনো সময় নেই
উঠানোও,উঠানোরও
পাও লইয়া পড়িগেছি,পা নিয়ে পড়ে গেছি
অলা মনে অয়,মনে হয়
তুমি কত দূর থাকি আইলায়,তুমি কত দূর থেকে এলে
ঘরো মধু নাই,ঘরেও মধু নেই
আমি শরম মুখে মাততে আছি,আমি লজ্জায় মুখ ঢেকে আছি
তোমার খোজ নাই,তোমার খোঁজ নেই
লাগের হাওয়াত তোমার গন্ধ পাই,লাগার হাওয়ায় তোমার গন্ধ পাই
যে হাওয়া আমারে ছইয়া যায়,যে হাওয়া আমাকে ছুঁয়ে যায়
মনো অয় তার খরে খরে আমি ঘুরি,মনে হয় তার পিছু পিছু আমি ঘুরি
মনো অয় ঘুরতে ঘুরতে তোমার জানালত উবাই,মনে হয় ঘুরতে ঘুরতে তোমার জানালায় দাঁড়াই।
ইলা দিন আমার নাই আর,এভাবে দিন আমার আর নেই
তবু মনো অয় হাওয়া যদি তোমারে ছইয়া আয়,তবু মনে হয় হাওয়া যদি তোমাকে ছুঁয়ে আসে
আমি মাতাল মাইনশর লাখান উড়তে থাকমু,আমি মাতাল মানুষের মতো উড়তে থাকব
হাওয়া যদি তোমার গন্ধ লইয়া আইত,হাওয়া যদি তোমার গন্ধ নিয়ে আসত
দিন রাইত হাওয়ার লগে তোমার মাত অও মাত্তাম,দিনরাত হাওয়ার সাথে তোমার কথা বলতাম আর মিশতাম
কেনে আমি দূরই দূরই থাকি,কেন আমি দূরেই দূরেই থাকি
তোমার ছায়া থাকি,তোমার ছায়া থেকে
তোমার মায়া থকি,তোমার মায়া থেকে
ইলা অবুঝ কেনে আমার হৃদয়,এভাবে অবুঝ কেন আমার হৃদয়
মনো অয় হিব্বার তোমার মাত হুনি,মনে হয় এখন তোমার কথা শুনি
গাছর পাতারা যেলা দুলতে দুলতে মাতে,গাছের পাতারা যখন দুলতে দুলতে বাজে
ঝড়র রাইত,ঝড়ের রাতে
যেলা স্বপ্নর ঘোরে উঠ পাখি উড়ে,যখন স্বপ্নের ঘোরে পাখি উড়ে যায়
তোমার মাত হুনতে হুনতে আমি বুঝি উড়ি,তোমার কথা শুনতে শুনতে বুঝি আমিও উড়ি
দূর থাকি হুনা যায় কত কত গান,দূর থেকে শোনা যায় কত কত গান
কত কত পাখি গাইতে গাইতে যায়,কত কত পাখি গাইতে গাইতে যায়
ইলা শব্দ কই আমি পাই,এভাবে শব্দ কোথায় আমি পাই
তোমার মাতার সুরে যেলা মাতাল অই,তোমার কণ্ঠের সুরে যখন মাতাল হই
দুনিয়াত কত ফুল ফুটে,দুনিয়ায় কত ফুল ফোটে
সকল ফুলর থাকি তোমারে সুন্দর লাগে,সব ফুলের থেকে তোমাকে সুন্দর লাগে
হিলা দিন কই গেল আইজ,এভাবে দিন কোথায় চলে গেল আজ
খোয়াব তুমি আর নাই,স্বপ্ন তুমি আর নেই
ইলা কেনে আমার লাগে,এভাবে কেন আমার মনে হয়
হাওয়াত তোমার গন্ধ পাই,হাওয়ায় তোমার গন্ধ পাই
যেলা সর্নলতা লটকি থাকে,যখন সোনালতা ঝুলে থাকে
লাগে তুমিও আছো,লাগে তুমিও আছো
আমার চাইরো বায় তোমার মায়া ভরা চোখ,আমার চারদিকে চাই তোমার মায়াভরা চোখ
"যেবায় চাই, যেবায় যাই","যেদিকেই চাই, যেদিকেই যাই"
দেখি তোমারে,দেখি তোমাকে
আমি আটতে গেলে আটিনা,আমি আটকে যেতে চাইলে আটকে যাই না
পড়তে গেলে পড়িনা,পড়তে চাইলে পড়ি না
লাগে টাল মাইনশর লাখান,লাগে মাতাল মানুষের মতো
তুমি সর্নলতাত লটকি আছি,তুমি সোনালতায় ঝুলে আছো
তুমার আত থাকি কুন্তা খাইলে,তোমার হাত থেকে কষ্ট পেলে
তুমার চউখো চউখ পড়লে,তোমার চোখে চোখ পড়লে
আমি টাল অইজাই,আমি টালমাটাল হয়ে যাই
পাতা যেলা পরি থাকে ঘাসর উপরে,পাতা যখন পড়ে থাকে ঘাসের উপর
মনো অয় আমিও পরি থাকি,মনে হয় আমিও পড়ে থাকি
"হারাদিন, বিয়ান থাকি হাইন্জা","সারাদিন, সকাল থেকে সন্ধ্যা পর্যন্ত"
আমার বেইল নাই অইজায়,আমার সময় আর থাকে না
কোন কামো আর মন বয় না,কোনো কাজেই মন বসে না
মনো অয় হাঝর লাখান উইড়া যাই,মনে হয় হাজার বাতাসে উড়ে যাই
আর মেঘ অইয়া তুমার উপরে ঝইরা পরি,আর মেঘ হয়ে তোমার উপর ঝরে পড়ি
বাড়ির চাইরোবায় মুর্তার ফুল ফুটে,বাড়ির চারপাশে মুর্তার ফুল ফুটে
আর অউ ফুল থুকাই থুকাই আমরা বড় অইগেলাম,আর সেই ফুল তুলতে তুলতে আমরা বড় হয়ে গেছি
হপ্তা ঘুরি ঘুরি শুক্কুরবার আয়,সপ্তাহ ঘুরে ঘুরে শুক্রবার আসে
টুপাটুপির ভাত রান্ধা অওয়ার মতো,টুপাটুপির ভাত রান্নার মতো
মাঝ উঠানোর বেইল যেলা যায় যায় করে,মাঝে উঠানোর সময় যখন ফুরিয়ে যায়
ঠিক অউলা আমরা হকল চেছিত বই থাকি,ঠিক তখন আমরা সবাই চুপচাপ বসে থাকি
বাড়ির চাইরোবায় অউ মুর্তার ফুল পরে,বাড়ির চারপাশে আবার মুর্তার ফুল ফোটে
আমরা থুকাই আনি মালা গাততাম চাই,আমরা তুলে এনে মালা গেঁথে রাখতাম
পুতুল খেলার দিনর লাকান,পুতুল খেলার দিনের স্মৃতির মতো
একোদিন করি আমরার দিন কই চলি যায়,একদিন করে আমাদের দিন কোথায় চলে যায়
অতা ভাবতে ভাবতে বিয়ার দিন সমাগত অয়,এটা ভাবতে ভাবতে বিয়ের দিন সমাগত হয়
আমরা মুর্তার ফুল থুকাইতে থাকি,আমরা মুর্তার ফুল তুলতে থাকি
ই ফুলে মালা গাথা যায় না,এই ফুল দিয়ে মালা গাঁথা যায় না
এমন নরম শরীল কে বানাই দিলো,এমন নরম শরীর কে বানালো
কই থাকি ই ফুল আমরা বাড়ির চাইরোবায় ফুটে,কোথা থেকে এই ফুল আমাদের বাড়ির চারপাশে ফুটে
আমি ই উত্তর পাইতাম করি গোরস্তানও যাই,আমি সেই উত্তর পেতে গোরস্থানে যাই
যেখানো এবলা মানুষ নায় তারা ঘুমাই থাকইন,যেখানে এত মানুষ নেই তারা ঘুমিয়ে আছে
আম্মায় হুনাইবা গিত,আম্মাকে শোনাবো গান
অউ আশা লইয়া এবো হাইন্জা অয়,আর আশা নিয়ে দিন শুরু হবে
আস মুরুগ ডাকি ডাকি ঘরো উঠিজায়,আজ মুরগি ডাকতে ডাকতে ঘর উঠেছে
গোয়ালাত বান্ধা গরুর লাখান,গোয়ালঘরে বাঁধা গরুর মতো
আমিও তান বায় চাইথাকি,আমিও তাদের বাতাস চাইতে থাকি
ইলা দিন কত অইছে গত,এভাবে কতদিন কেটে গেছে
জারমুনির তলে নাক বাউঅয়াই পুতি রইছি,জার্মানির নিচে মাটি চাপা দিয়ে রাখা হয়েছি
"আওরর পানিত , খালর পানিত","আওরার পানিতে, খালের পানিতে"
মাছ ধরার বাওয়ে শরীলো ফেক মাখিলাইছি,মাছ ধরার আনন্দে শরীরে কাদা মাখিয়েছি
আম্মায় হুনায়বা গিত,আম্মাকে শোনাবো গান
এরলাগি আমরা ভাই-বইন বইথাকি লাগে,এ কারণেই আমরা ভাই-বোন বসে থাকি
রইদ মেঘ সব বাদে হাইন্জা নামে,"রোদ, মেঘ সব বাদে দিন শুরু হয়"
আমারার উঠানো,আমাদের উঠোন
অউ আশা লইয়া ঘুমানিত যাই,আর আশা নিয়ে ঘুমাতে যাই
এবলা আমি তোমার থাকিন দূর ঘর বান্দি,এখন আমি তোমার থেকে দূরে বাড়ি বেঁধেছি
বনর পাখিরে হুনাই গিত,বনের পাখিদের শোনাই গান
ইজলর তলে বইয়া তন্দ্রাত যাই,ইজেলের নিচে বসে তন্দ্রায় যাই
তোমার বদন আমার চউখো ভায়,তোমার মুখ আমার চোখে ভাসে
ফুটা ফুটা মেঘ ঝরে,ফোঁটা ফোঁটা মেঘ ঝরে
"এর লাগি আমি ঘরো থাকি, আর","এই কারণেই আমি ঘরে থাকি, আর"
তোমার ছবি আয়নাত দেখি,তোমার ছবি আয়নায় দেখি
ইজলের তলে আজার আজার ফুল,ইজেলের নিচে হাজার হাজার ফুল
মালা গাততাম করি,মালা গাঁথতাম করে
তোমার গলা মুখায় চাই,তোমার কণ্ঠস্বর শুনতে চাই
তোমার আত থাকি আমি দূর চলি যাই,তোমার হাত থেকে আমি দূরে চলে যাই
আমার ঘর থাকি তোমারে আরাই,আমার ঘর থেকে তোমাকে হারাই
আমি যেখানো উবাই,আমি যেখানে দাঁড়াই
মাথার উপর আসমান থাকে,মাথার উপরে আকাশ থাকে
চান থাকে. হাঝ থাকে,"চাঁদ থাকে, তারারা থাকে"
তোমার আত থাকেনা,তোমার হাত থাকে না
আটি আটি কত দূর যাই,হাঁটতে হাঁটতে কত দূর যাই
সাগরর পাড়ো,সাগরের পাড়ে
পারর উপরে,পাহাড়ের উপরে
বনর ভিত্রে,বনের ভেতরে
তোমারে পাইনা,তোমাকে পাই না
আমি যেখানো যাই,আমি যেখানে যাই
হাওয়া ও আয়,হাওয়া আসে
ফুলর গনেরা ঘুরে,ফুলের গন্ধ ঘুরে বেড়ায়
তোমার চুলর গন পাইনা,তোমার চুলের গন্ধ পাই না
একটা গাছ থাকি একটা পাতা পরে,একটি গাছ থেকে একটি পাতা পড়ে
দূর থাকি দেখি,দূর থেকে দেখি
কিলা দুলতে দুলতে,কেমন দুলতে দুলতে
বাতাসর লগে নাচতে নাচতে,বাতাসের সঙ্গে নাচতে নাচতে
রংগিলা ধুলার উপর পরে,রঙিন ধুলার উপর পড়ে
কই থাকি অউ বাতাস আয়,কোথা থেকে ওই বাতাস আসে
গাছর পাতারে ছোয়,গাছের পাতাকে ছোঁয়ে
ধুলারে উড়াইয়া নেয়,ধুলাকে উড়িয়ে নিয়ে যায়
একটা গাছ থাকি আরকটা গাছ দেখি,একটি গাছ থেকে আরেকটি গাছ দেখি
একটা পাতা আরকটা পাতার উপরে পরে,একটি পাতা আরেকটি পাতার উপর পড়ে
পড়শির ঘর থাকি পড়শির ঘরো যাই,পড়শির ঘর থেকে পড়শির ঘরেই যাই
আমার ঘর পাইনা,আমার ঘর পাই না
দূর বিদেশ ঘুরতে ঘুরতে,দূর বিদেশ ঘুরতে ঘুরতে
পড়শির দরজাত উবাই,পড়শির দরজায় দাঁড়াই
আমার পাও নাই,আমার পা নেই
পাখনাও নাই,পাখনাও নেই
চউখ বন্ধ করি,চোখ বন্ধ করি
তবু ঘুরাত যাই,তবুও ঘুরে বেড়াই
আমারে কেউ কেউ পড়শি ভাবইন,আমাকে কেউ কেউ পড়শি ভাবে
তারার ঘরো দরজা নাই,তাদের ঘরে দরজা নেই
জানলা নাই,জানালা নেই
আসমান আছে,তবে আকাশ আছে
আমি তারার দরজাত উবাই,আমি তাদের দরজায় দাঁড়াই
তারারে আমি পড়শি ভাবি,তাদের আমি পড়শি ভাবি
তারা আমারে ভাবইন,তারা আমাকে ভাবে না
এর লাগি দূরই থাকি,এই কারণে দূরে থাকি
আইচ্চা হুনো তে,"আচ্ছা, শোনো তো"
কিতা খও তে,কি বলো তো।
তুমার ফাও ইকান কিতা?,তোমার পা গুলো কি?
বিষ-বেদনা করে নানি ইকানো?,ব্যাথা-বেদনা করে না নাকি এগুলাতে?
"আন্দু, বিষ করতো কেনে আমার ফাও ও?",আরে ব্যথা করবে কেনো আমার পা?
জানু ভালা আছনি?,জানু ভালো আছো?
অয় ভালা,"হ্যাঁ, ভালো!"
কিতা কররায়?,কি করছো?
হুতি রইছি,শুয়ে আছি
আমারে মন কররায় নি?,আমাকে মনে করছো না?
তোমারে তো হক্কল সময় মনডাত রাখি,তোমাকে তো সবসময় মনে রাখি
"মিছা মাত মাইত্ত না,আমারে ভূলি গেছ","মিথ্যে কথা বলো না, আমাকে ভুলে গেছো"
ইলা তুমি কইতা পারলায় নি,"না, তুমি এমন কথা বলতে পারো না"
"আব্বুরে যে ডরানি ডরাই,যদি দেখ","বাবাকে ভয় পাই, যদি দেখে ফেলে"
"আরে দেখত নায়,পিরিতের চাদরে ঢাইকা রাখমু","আরে দেখবে না, প্রেমের চাদরে ঢেকে রাখবো"
কেনে?,কেন?
অত ফিরিত দেখাও নানি! মরি যাইরাম,এত নাটক দেখিও না! মরে যাবো!
তুমি ইলা মাত্তাছো কেনে,তুমি এমন কথা বলছো কেন?
তুমি আমারে ভালা পাওনা,তুমি আমাকে ভালোবাসো না!
"হাছা কইছ, পাইনা","সত্যি বলেছ, বাসি না!"
এরে এরে হুন,"এই যে এই যে, শোনো"
ইলা মাতলে আমি গো করোউক্কা গোসা,এমন বললে আমি কিন্তু রাগ করবো
হের পরে কুনু মাততাম নায়,তারপর আর কোনো কথা বলবো না
হাছা কইরায় নি,সত্যি বলছো
"আমি তো রাখলাম নায়,ডর দেখাইছি","আমি তো রাখিনি, ভয় দেখাচ্ছি"
হিহিহিহি তুমি একগু পচা পোয়া,"হাহাহা, তুমি একেবারে পচা ছেলে"
আর তুমিও পচা ফুরি,আর তুমিও পচা মেয়ে
"হুন,আব্বু ডাকছে","শোনো, বাবা ডাকছে"
একটুখান থাক,একটু থাকো
"কিতা কইছ,আবার কওছাইন","কি বললে, আবার বলো"
না কোনতা নায়,"না, কিছু না"
কিরে বো কিতা খররাই,"কী রে বোন, কী করছিস"
নারে বো খুনতা নাই,"না রে বোন, কিছু না"
তুরা বালা উলা আছনি,তোমরা ভালো আছ তো
অয়রে বো বালা উ আছি,"হ্যাঁ রে, ভালোই আছি"
তর ফুরি উরি হক্বল ভালানী,তোমার মেয়ে সবাই ভালো তো
তরে এখটা খতা খইতাম,তোকে একটা কথা বলব
খওক্কা ছাই খিতা খইতাই,"বলো, কী কথা বলবে"
হুনলাম বেটা তর ফুরি বড় অই গেছ,"শুনলাম, তোর মেয়ে বড় হয়ে গেছে"
তা আমার ফুয়া ও ত বেটা আল্লার হুকুম অইলে বাক্কা বড় বেটা অই গেছ,আর আমার ছেলে ও তো আল্লাহর হুকুমে অনেক বড় হয়ে গেছে
খেয়াল খরছিলাম আমার ফুয়ার লাগিন তর ফুরি গুতা নিদাম গি,ভাবছিলাম আমার ছেলের জন্য তোর মেয়েকে প্রস্তাব দিই
খ ছাইন তর মতামত খিতা,"কী বলিস,তোর মত কী"
বালা উ অইব তে আমার ফুরি গুতা ত বাক্কা সুন্দর আর ইতা খিতা খইতাম,"ভালোই হবে, আমার মেয়ে তো দেখতে সুন্দর আর ভালোও"
আচ্ছাতে সামনের মঙ্গলবারে আমরাখগ্গু তর বাড়িত আইয়ার মাত খতা মাতিলিমুনে,"আচ্ছা, সামনে মঙ্গলবার আমরা তোমার বাড়িতে এসে একটু কথা বলব"
নাখিতা খছ?,কিছু আপত্তি আছে কি
"ঠিখ আছে,আইও","ঠিক আছে, এসো"
আচ্ছাতে রাখি দেই,"আচ্ছা, তাহলে রেখে দিলাম"
অয় রাখি দেউ,"হ্যাঁ, রাখো"
ডামো ধান মেলিয়া দিও না মাই,"ধানগুলো জমিতে পড়ে থাকতে দিও না, মা,"
খাউয়ায় খাইয়া তল খরবো,"খেয়ে ফেলে দেবে কেউ, আর তলাও হবে শূন্য"
উগারো রাকিও না ধান,উঠে থাকা ধানগুলোও রেখে দিও না
কুত্তি ফুকে ধরিলাইবো,কুকুর এসে চিবিয়ে ফেলবে
ঘরো খও আর বারে খও,"বাড়িতে বলো, বাইরে বলো"
কোনখানো বালা নাই,কোথাও যেন শান্তি নেই
তারার ইতা দেখলে মনো অয়,তাদের এই অবস্থা দেখলে মনে হয়
আমরার দেশো গরিব নাই,আমাদের দেশ মোটেও গরিব নয়
বললে তো খইবায় মাতিলাইছি,"বলেছিলে তো, কথা রাখব"
ইতা সব আমি আতাইলাইছি,সবকিছু আমি নিজেই সাজালাম
মানুষ মরে মানষোর লাগি,মানুষ মরে মানুষের জন্য
মরি গেলে হেতো অন্য দাগি,মরে গেলে বেঁচে থাকে কেবল স্মৃতির দাগ
তনাই ভাঙিয়া রাজফথ খাফাইয়া,"তবু তুমি পথ ভেঙে, রাজপথ রাঙিয়ে"
মরলায় তুমি রক্তে ভাসিয়া,মরলে রক্তে ভেসে
তারা এখন তোমারে ছিনে না,তাদের কাছে আজ তুমি অচেনা
তুমি তারার খেউ আছলায় না,তাদের জন্য তুমি কিছু নও
"তুমি তোমারও না, তারারও না","তুমি তোমারও না, তারারও না"
তোমার নামে ‘প্রার্থনা’,তোমার নামে কেবল একটা 'প্রার্থনা'
মানষোর লাগি মানুষ কান্দে,মানুষের জন্য মানুষ কাঁদে
মানষোর লাগি মানুষ জান দেয়,মানুষের জন্যই মানুষ প্রাণ দেয়
কিতা কইতায় বলো,কি বলা যাবে বলো
খেমনে কিতা অইলো,কিভাবে কি হলো
মানষোর ঘরোর মানুষ অইলে,মানুষের ঘরের মানুষ হলে
কিতা আর খইতাম খও,কি আর বলব বলো
"ইতা কিজাত মাত মাতলায়,ইতা কিজাত মাত?","এসব কী ধরনের কথা বলছ, এসব কী কথা?"
জারমুনির ফুল মাইনষে খাইতা ঘরো কি নাই ভাত?,"জার্মানির ফুল (সম্ভবত কোনো খাদ্যদ্রব্য) মানুষ খায়, তাদের কি ঘরে ভাত নেই?"
"আগে তুমি খাইয়া দেখাও,আমরা খাইমু বাদে__","আগে তুমি খেয়ে দেখাও, আমরা খাব পরে"
গদ্দি বদ্দি ছাইড়া ভাগবায় জনগণের পাঁদে,বড় বড় কথা ছেড়ে পালাবে জনগণের পায়ের তলে
জনগণরে কিতা বুইচ্ছো গরু আর ছাগল?,জনগণকে কী মনে করেছ গরু আর ছাগল
ঠেলা দিলে ভাইসসা যাইবা হুতর ভাইট্টল?,"ঠেলা দিলে ভেসে যাবে, একেবারে শেষ হয়ে যাবে?"
পিঁয়াজ লইয়া কদিন আগে কিতা না করলায়!,পেঁয়াজ নিয়ে কদিন আগে কী না করলে!
অনে আইছো ভাতর বদলা ঘাস খাওয়াইতায়?,এখন এসেছ ভাতের বদলে ঘাস খাওয়াতে?
"উন্নয়নের গোষ্ঠি মারি,মুখেসতীর দল","উন্নয়নের গোষ্ঠী ধ্বংস করে, মিথ্যাবাদীর দল,"
বারো বছরে তোমরা কেউরে দেখছি না সরল,বারো বছরে তোমাদের কাউকে দেখিনি সরল।
হাছা কথা কইলাই যদি ফুলাইলিবায় গাল,"সত্য কথা বললে যদি, ফুলাবে শুধু গাল,"
দেশোর গুয়া মাইরা তোমরার লাম্বা অইছে বাল,দেশের সর্বনাশ করে তোমাদের বেড়েছে শুধু সম্পদ।
যেতা ইচ্ছা অতা করো–যেতা ইচ্ছা মাতো,যা ইচ্ছা তাই করো–যা ইচ্ছা তাই বলো
একদিন তোমরার জাগা অইব পঁচা উঁনরর গাতো,একদিন তোমাদের জায়গা হবে পচা নর্দমার গর্তে
জন্ম আমার সিলোটর মাটিত,জন্ম আমার সিলেটের মাটিতে
আমি সিলোটি ফুরি,আমি সিলেটি মেয়ে
হুরু থাখিউ বড় অইছি,ছোটবেলা থেকেই বড় হয়েছি
সিলোটো ঘুরি ঘুরি,সিলেটে ঘুরে ঘুরে
শহর খানটাত জন্ম অইলেও,শহরে জন্ম হলেও
"গাউরেউ ভালা ফাইতাম,",গ্রামও ভালো লাগত
গরোমো ঠান্ডাত বিদ্যালয় ছুটিত,গরম ও ঠান্ডায় বিদ্যালয়ের ছুটিতে
খালার বাড়িত যাইতাম,খালার বাড়িতে যেতাম
ধানর ক্ষেত আর চাইরবায়দি সবুজ,ধানের ক্ষেত আর চারপাশের সবুজ
অলা যেন ভালা লাগতো,যেন খুব ভালো লাগত
হারাটা দিনউ মাঠো ঘাটো,সারা দিন মাঠ ঘাট
টো টো খরিয়া খাটতো,হেঁটে হেঁটে বেড়াতাম
সিলোটি ফুরিনতর মন সুন্দর,সিলেটি মেয়েদের মন সুন্দর
ভিতরে নাই কোনো প্যাঁচ গোছ,ভিতরে নেই কোনো কপটতা
হখলরে দেখে ভালা চউখে,সবাইকে দেখে ভালো চোখে
দেয়না বুখো চাক্কুর পোছ।,দেয় না বুকে ছুরির আঘাত
বিয়ার লাগি যারা খইন্না চাও,বিয়ের জন্য যারা খোঁজ করছ
এখবার সিলোট গিয়া আও,একবার সিলেট গিয়ে আসো
মনর মতো যদি ফুরি ফাও,মনের মতো যদি মেয়ে পাও
সখাল বিয়া খরি লাও,সকালে বিয়ে করে নাও
গ্যারান্টি দিমু এক্কেবারে,গ্যারান্টি দিচ্ছি একেবারে
খোনো ঠগা খাইতায় নায়,কেউ ঠকবে না
সিলোটি সব ফুরিনতে তারার,সিলেটের সব মেয়েরা তাদের
জামাইরে ভালা ফায়,জামাইকে ভালো পায়
সিলোটর মাটিত জন্ম আমার,সিলেটের মাটিতে জন্ম আমার
আমি সিলোটি ফুরি,আমি সিলেটি মেয়ে
খুলিয়া খইলাম মনোর খথা,খুলে বললাম মনের কথা
দিওনা মনো ছুরি,মনে কষ্ট দিও না।
জ্বী ওয় ইকটা খাটি সিলেটি ভাষা,জ্বী এটি একটি খাঁটি সিলেটি ভাষা
কিতা মাত কইসরে মাইয়া,কি কথা বলোরে মেয়ে
আমরার সিলেটি ওখলোর মাঝে অনেক আন্তরিকতা আছে,আমাদের সিলেটিদের মধ্যে অনেক আন্তরিকতা আছে
আর সিলেট আইলে অনেক সেবা ফাইবা,আর সিলেটে এলে অনেক সেবা পাবে
আমরা বাড়ী ও আইও,আমাদের বাড়িতে এসো শাক এর কচু খাওয়াবো
খাইলা কালি কইবায় আর খাইতায়,খাওয়ার পরে বলবে আরো খেতে চাও
কোনদিন আইবায় কউচাইন,কোনদিন আসবে বলতো
আইইয়ককা হোকলোর দাওয়াত হুটকির চাটনি দিয়া ভাত কাইবা,আইসো সবাইকে দাওয়াত শুটকির চাটনি দিয়ে ভাত খাবা
এরপরে হকলোরে হাতকরা দিয়া আর টেংড়া বর্তা বানাইয়া কায়াইমুনে,তারপর সবাইকে সাতকরা আর টেংড়ার ভর্তা বানিয়ে খাওয়াব
মরা হক্কল সিলেটি,আমরা সবাই সিলেটি
অয় অয় ইতা সিলেটি মাত,হ্যাঁ হ্যাঁ এটি সিলেটি ভাষা
হাগ এর কচু খাওয়ামু,কী খবর
বালা আছুইননি আফনে,আপনি ভালো আছেন তো
আফনে যদি বর্তা খাইন তে তো ফাগল হই যাইবাইন,"আপনি যদি ভর্তা খান, তবে পাগল হয়ে যাবেন"
"অত মজার ইতা চাটনি,বুইচ্ছইননি","এত মজার এই চাটনি, বুঝেছেন"
আর যাইত মন খইতোনা,তখন যেতে মন চাইবে না
আইলে অত দিওয়ানা হইবাইন,এলে খুবই মুগ্ধ হয়ে যাবেন
আমরার ইনো হুটখির তরকারি কত মজা লাগে,আমাদের এখানে শুটকির তরকারি কত মজার
এখবার যদি খাইন ফেট ভরি ভাত খাইতো ফারবা,"একবার যদি খাও, পেট ভরে ভাত খেতে বাধ্য হবে"
আরো হাতখরার আচার হাতখরার তরকারি কতোতা আছে,"এছাড়া সাতখরার আচার, তরকারি কত কিছু আছে"
"হুটখির বরতা,হাগ,খসু আরো বিবিন্ন জাতের জিনিস আছে","শুটকির ভর্তা, শাক, কচু এবং আরও বিভিন্ন ধরনের খাবার আছে"
"বহুত জিনিস আছে নামও জানিনা,বাক্কা মজার জিনিস","অনেক কিছু আছে, নামও জানি না, তবে খুবই মজাদার"
দুলা ভাই আফার লগে বেশি বেশি করি ইতা ভিডিও বানাইয়ো,দুলা ভাই আপার সঙ্গে বেশি বেশি এরকম ভিডিও বানাও
আজকে আমি তাইনরে সিলেটি বাষা ইকাইমু,আজকে আমি তাকে সিলেটি ভাষা শেখাব
আমি তাইনোর দার থাকি ইকমু,আমি তার কাছে থেকে শেখব
আও হউর বারি থাকি ফাকাইয়া আই,"এসো, শ্বশুর বাড়ি থেকে ঘুরে আসি"
আমার হরিয়ে যে বালা রানদোইন,আমার শাশুড়ি খুব ভালো রান্না করে
আমার সিলেট বউত হালাহালি আছে,আমার সিলেটে অনেক শালাশালি আছে
কউয়ার লগে লগেই ইকিলাইরাই,বলার সাথে সাথেই শিখে যাবে
আমি সিলেটি খইননা,আমি সিলেটি কনে
দামান বেটা খই,জামাই বাবা কোথায়
ফুয়া ইগুয়ে ফুরি ওগুরে যে ফছন খরে,ছেলেটা মেয়েটাকে অনেক পছন্দ করে
আমার এগু বাই এগু বইন,"আমার একজন ভাই, একজন বোন"
তাম্মি আমার বইন,তাম্মি আমার বোন
মিনহাজ আমার বাই,মিনহাজ আমার ভাই
আফনেরা বিডিও দেউক্কা,আপনারা ভিডিও দেখুন
তাইনে হাউক্কা,তিনি খাক
কিতা মনো খরস,কী ভাবছেন
আমি বাত খাইলিছি,আমি ভাত খেয়েছি
আজকে আমি লন্ডন যাইমুগি,আজ আমি লন্ডন যাব
বাত খাইবায়নি,ভাত খাবেন না
লেখা ফরার খবর কিতা,পড়াশোনার খবর কী
বাড়ির হক্ষল ভালানি,বাড়ির সবাই ভালো তো
খামো লাগবো,কাজে লাগবে
হক্ষল বালা থাইকুইন,সবাই ভালো থাকুন
ইতা কোন জাতর মাত মাতস বেটা,"এটা কোন ধরনের কথা বলছ, ছেলে"
কইতে পারবেনী মানুষটা কে,বলতে পারবেন লোকটি কে
ইয়াহ আল্লাহ জামাই কারে খইন,আল্লাহ! জামাই কাকে বলছেন
আমিতো আফনের ফুরিরে বিয়া খরছিনা,আমি তো আপনার মেয়েকে বিয়ে করিনি
জামাই অইলাম কোহান থেকে তে,জামাই হলাম কোথা থেকে
ইতা কিতা কইলাইন,এটা কী বললেন
লন্ডন থেইকা বাংলাদেশে আইছি কুনু অসুবিধা অইছেনা,"লন্ডন থেকে বাংলাদেশে এসেছি, কোনো অসুবিধা হয়নি"
আর সিলেট থেইকা ডাহা তে আইতে অসুবিধা অইবোনি,আর সিলেট থেকে ঢাকা আসতেও কোনো অসুবিধা হবে না
আমরা সিলেট উপশহরের ফুয়া,আমরা সিলেট উপশহরের ছেলে
আমার ছোট ফুয়া,আমার ছোট ছেলে
তুমি আছ জানলে তো এর চেয়ে বড় গিফট আনলাম অইলে,তুমি আছো জানলে তো এর চেয়ে বড় উপহার আনতাম
বাবাজি অ আমার ফুরি,বাবা ও আমার মেয়ে
কুনু কষ্ট অইছেনা,কোনো কষ্ট হয়নি
মন করুইন জতখানি কষ্ট অইছে সবতা দুরো অইয়া গেছে,"মনে করেন, যতটুকু কষ্ট ছিল, সব দূর হয়ে গেছে"
অনো বইয়া গল্প করবানি,এখানে বসে গল্প করবে নাকি
বিত্রে চলো,ভিতরে চলো
বেছারা কতো দূর থেইকা মেহনত করি আইছইন,বেচারা কত দূর থেকে পরিশ্রম করে এসেছে
আফনে কিতা কইছইন আমি কুইচ্চো হুনছিনা,"আপনি কী বলেছিলেন, আমি কিছু শুনিনি"
অইছে কিতা জানোইননি,হয়েছে কী জানেন
সিলেটি ফুয়া রে নিয়া গান বাইর করছে,সিলেটি ছেলেকে নিয়ে গান বের করেছে
গান টা হুনলাম আরকি কুব বালা লাগলো,গানটা শুনলাম আর খুব ভালো লাগলো
লন্ডনের টাইম আর বাংলাদেশের টাইম ক্ল্যাশ খায়ালাইছে,লন্ডনের সময় আর বাংলাদেশের সময়ের ক্ল্যাশ হয়েছে
আই ফীল লাইক দেট আমি অহন লন্ডন ব্রীজ এর উফরে আছি,আই ফীল লাইক দেট আমি এখন লন্ডন ব্রিজের উপর দাঁড়িয়ে আছি
আমি অহন জগিং এর মদ্দে আছলাম,আমি তখন দৌড়ানোর মধ্যে ছিলাম
এক্সেক্টলি আফনে যেইটা কইছইন,ঠিক যেটা আপনি বললেন
না না আর কিয়ের লন্ডন,না না আর কেন লন্ডন
লন্ডন আর যাইতামনা আমি,লন্ডনে আর যাব না আমি
লন্ডন আমার বিতৃষ্ণা আইচ্চে,লন্ডন আমার বিরক্তি ধরিয়েছে
আমি বিয়ার ফরে এদেশে থাইকমু,আমি বিয়ের পরে এ দেশেই থাকব
আমার বাপ দাদার যে সয়সম্পত্তি আছেনানি সিলেট,আমার বাবা-দাদার যে জমি-সম্পত্তি আছে সিলেটে
হেনো গিয়া আমি খেত খামার করমু,সেখানে গিয়ে চাষবাস করব
আমি ধান চাষ করমু লাল শাগ লাগাইমু,"আমি ধান চাষ করব, লাল শাক লাগাব"
আমার খেত অইবো,আমার জমি থাকবে
আমার খেতের ফসল নিজে খাইমু,আমার জমির ফসল নিজে খাব
বাংলাদেশে সেটেল হই যামু,বাংলাদেশেই সেটেল হয়ে যাব
আফনে মাথা ঠান্ডা করুক্কা,আপনি মাথা ঠান্ডা রাখুন
আফনার ফ্রব্লেম কুন জাগাত,আপনার সমস্যা কোথায়
আমার দেশে থাকা লইয়া সমইস্যা,আমার দেশে থাকা নিয়ে সমস্যা
নাকি লন্ডন না যাউয়া লইয়া সমইস্যা,নাকি লন্ডন না যাওয়া নিয়ে সমস্যা
ফান করছি আফনার লগে,আপনার সঙ্গে মজা করছি
আমি এখটা লন্ডনি ফোয়া,আমি একজন লন্ডনের ছেলে
কিল্লিগা আমি এদেশে থাইক্মু,তাহলে আমি এই দেশেই থাকব কেনো
খেত খামার দিয়া আমি খিতা খরমু,খেত খামার দিয়ে আমি কি করবো
জাস্ট মজা করছি আফনার লগে,আমি শুধু আপনার সঙ্গে মজা করছি
আমি বুইজ্জালাইছি আফনার এখটু মাথা গরম আছে,আমি বুঝতে পেরেছি আপনার মাথা একটু গরম আছে
হিদল হুটকি দি ভাত মারি দেই,সিদল শুটকি দিয়ে ভাত খাই
হিদল চিনছুইন্নানি,সিদল কি চেনেন না
ছোট ছোট মাছ মাটির নিচে পচাইয়া হুটকি বানায়,ছোট ছোট মাছ মাটির নিচে পচিয়ে শুটকি বানানো হয়
হুটকি দি বর্তা বানাইয়া ভাত মারি দেই,শুটকি দিয়ে ভর্তা বানিয়ে ভাত খাই
লাঞ্চে টেংরা মাছের ঝোল দি ভাত মারি দেই,লাঞ্চে টেংরা মাছের ঝোল দিয়ে ভাত খাই
ভরফেট ভাত মারি ঘুমাই যাই,পেট ভরে ভাত খেয়ে ঘুমিয়ে পড়ি
লন্ডনে যিতা খাই ইতা আফনে খাইতে ফারতানা,লন্ডনে গিয়ে যেটা খাই সেটা আপনি খেতে পারবেন না
খালি ফনির খায়,শুধু পনির খায়
হারাদিন ফনির খাইলে আফনের ফেড খারাপ অইবো,সারাদিন পনির খেলে আপনার পেট খারাপ হবে
আফনের সমইস্যা অই যাইবো,আপনার সমস্যা হয়ে যাবে
এখশো জনের বাত আমি রান্ধি,আমি একশো জনের খাবার রান্না করি
বাত ডাইল হগলতা আমি নিজে রান্ধি,ভাত ডাল সবই আমি নিজে রান্না করি
রান্ধিয়া ফ্যাকেট করিয়া বিভিন্ন অফিসে অফিসে সাফলাই দেই,রান্না করে প্যাকেট বানিয়ে বিভিন্ন অফিসে সরবরাহ করি
আমার এখশো খাস্টমার আছে,আমার একশো জন কাস্টমার আছে
আমি তারারে অফিসে গিয়া সাফলাই দেই,আমি তাদের অফিসে গিয়ে খাবার সাপ্লাই করি
আমি লন্ডনে এখটা মাল্টিনেশনাল কম্পানির মেনেজার,আমি লন্ডনে একটি মাল্টিন্যাশনাল কোম্পানির ম্যানেজার
আমার আন্ডারে এখশো ফুয়াফুরি খাম করে,আমার আন্ডারে একশো জন ছেলেমেয়ে কাজ করে
আমার হুকুম হুনে,তারা আমার নির্দেশ মেনে চলে
বিকালেও ভাত খাইমু,বিকেলেও ভাত খাব
বাংগালি ফেট মানেই ভাত,বাঙালির পেট মানেই ভাত
ভাতের উফরে কুচ্ছু নাই,ভাতের চেয়ে ভালো কিছু নেই
এদেশের চাইল ফ্লেনে উইঠা যা লন্ডন,এদেশের চাল প্লেনে উঠে লন্ডন যায়
আও চাইট্টা ভাত খাই,"এসো, একটু ভাত খাই"
আমার বইনের ফুতে সবার লাগি কতোতা লইয়া আইছে লন্ডন থাকি,আমার বোনের ছেলে সবার জন্য কত কিছু নিয়ে এসেছে লন্ডন থেকে
তুমি লিস্টের মদ্ধে আছিলানা,তুমি লিস্টের মধ্যে ছিলে না
বউ দেখি কিতা করা যা তোমার লাগি,বসো দেখি কি করা যায় তোমার জন্য
হালু এটা আফনার লাগি,খালু এটা আপনার জন্য
আফনে দুল ফছন্দ করুইন,আপনি দুল পছন্দ করেন
আফনারে মানাইবো,আপনাকে মানাবে
আমার খুব ফছন লাগছে,আমার খুব পছন্দ হয়েছে
সবার সামনে খইতামনা,সবার সামনে বলবো না
দেখছুইননি কারবার কিতা কয়,দেখেছেন ব্যাপারটা কী যে বলে
আমি কেনে বুলতাম,আমি কেন বলবো
আসলেও তো লিস্টে আছলানা,আসলেই তো লিস্টে ছিলে না
আমার তো মাথাত আছিননা,আমার তো মাথায় ছিল না
তোমার লাইগা কিছু তো আইনছি,তোমার জন্য কিছু তো এনেছি
খয়টা বাজে,কয়টা বাজে
আমার শইলে জানি কিতা খরে,আমার শরীর কেমন জানি করছে
তর বইনরে বিয়া খরছিনি আমি অখনো,তোর বোনকে  বিয়ে করেছি নাকি আমি এখনো
অতোখান ছোট হইয়া তুই এত বিশাল চিন্তা করছ কেনে,এত ছোট হয়ে তুমি এত বড় চিন্তা করছ কেন
কিতা বেফার তারে আনলা কেনে,"কী ব্যাপার, তাকে নিয়ে এলে কেন"
এইটে উঠি গেসো,এইটে উঠে গেসো
ধর্ম সংকটে ফালাইছস হালা আমারে,আমাকে ধর্মসংকটে ফেলে দিয়েছ শালা
হই তরে লন্ডন নিমু আমি,"ঠিক আছে, তোমাকে লন্ডন নিয়ে যাব আমি"
তোমরা অখন এইটে ফড়ো,তোমরা এখন এইটে পড়ো
দুইদিন ফর মেট্রিক দিবায়,দুইদিন পর মেট্রিক পরিক্ষা দিবা
মেট্রিকর আগে তোমরা কেউ কাউরে লাভার কইতো ফারতানা,মেট্রিকের আগে তোমরা কেউ কাউকে প্রেমিক বা প্রেমিকা বলতে পারবে না
খালি নোট এর আদান প্রদান হবে মনো তাকবে,শুধু নোটের আদান প্রদান হবে মনে থাকবে?
ইতা খইলে অইবইনি শফথ খরা লাগব,এটা বললে হবে না শপথ নিতে হবে
আমি শফথ খরিতেছি যে আমরা অনলি ফ্রেন্ড,আমি শপথ করছি যে আমরা শুধুই বন্ধু
মজা আমি খরলাম কই মজা তো আফনে খরছেন আমার লগে,মজা আমি করলাম কোথায় মজা তো আপনি করেছেন আমার সঙ্গে
আফনারার কুন বইনরে বিয়া খরছি আমি,আপনাদের কোন বোনকে আমি বিয়ে করেছি
কারে দুলাভাই ডাখলা আফনেরা,আপনারা কাকে দুলাভাই বললেন
বাবারে বাবা কি জমানা আইলইরে বাবা,"বাবা রে বাবা, কী যুগটাই না এলো"
এমনভাবে আমার কাছে ফাসফোরট আর আইয়েল্টস এর কাগজ জমা দিলায়,এমনভাবে আমার কাছে পাসপোর্ট আর আইএলটিএসের কাগজ জমা দিয়েছো
মনো হইতাছে আমি লন্ডনের এম্বাসি,মনে হচ্ছে আমি লন্ডনের এম্বাসি
হই ফারি ফারি,হ্যা পারি পারি
ফারিনা কিল্লা অবশ্য ফারমু,পারবোনা কেনো অবশ্যই পারবো
আমার ফ্রেন্ড আছে দুইটা তারারে বিয়া করাই দেই তারার লগে,"আমার দুইজন বন্ধু আছে, তাদের বিয়ে করিয়ে দেই তাদের সঙ্গে"
লন্ডন জাউয়ার ফ্রসেস ত এখটাঅই,লন্ডন যাওয়ার প্রসেস তো একটাই
আমি ফ্রসেস এর কতা বইলছি,আমি প্রসেসের কথা বলছি
অত্ত সোজা না বাহ,এটা এত সহজ নয় ভাই
আফনে কিতা মনে খরলা,আপনি কী ভেবেছিলেন
আফনে নোয়াখালির অদ্ধেক বেছি লাইলা,আপনি নোয়াখালির অর্ধেক বেচে দিয়েছেন
নোয়াখালির অদ্ধেক বেচি দিলে আফনেরে লন্ডনের ভিসা দিবনি,নোয়াখালির অর্ধেক বেচে দিলেই আপনাকে লন্ডনের ভিসা দেওয়া হবে নাকি
সাত বছর বলে ফ্রেম আপনার লগে কিতা কয়,সাত বছর ধরে নাকি প্রেম আপনার সঙ্গে কী বলছে
এ বেডি দি সিখার অ করেনা আফনার লগে বলে ফ্রেম আছিল,এ মেয়ে তো স্বীকার ই করেনা আপনার সাথে নাকি প্রেম ছিলো
এখটা ঝাটা যে দিছুইন এইটা কি আমার লাইগা দিছুইন,একটা ঝাড়ি দিয়েছেন যে এটা কি আমার জন্য দিয়েছেন
আমার এইটা বিশ্বাস করতে খষ্ট অইতেছে,আমার এটা বিশ্বাস করতে কষ্ট হচ্ছে
আমারে কিছু কইলায়নি আফনে,আমাকে কিছু বললেন নাকি আপনি
এইডা কানের মদ্ধে লাগাইল আছিলো বুজ্জিনা,এটা কানে লাগানো ছিল বুঝতে পারিনি
আমার চার দোখানে বইয়া চা খায়লা,আমার চায়ের দোকানে বসে চা খেয়েছেন
আফনে ফাগলা গারদ থেইকা ছাড়া ফাইলা খবে,আপনি পাগলা গারদ থেকে ছাড়া পেয়েছেন কবে
আমার হবু বউ এর বাড়িত আমি খিতা করি আফনারে কইতাম কেনে,আমার হবু বউ এর বাড়িতে আমি কি করি সেটা আমি আপনাকে বলবো কেনো
ইতো দেখা যায় আমার বাফ মার লাখান আচরন খরেন আফনে,এটা তো দেখা যাচ্ছে আপনি আমার বাবা মায়ের মতো আচরণ করছেন
আমি খারে বিয়া করমু খারে খরতামনা ইতা কিতা আফনে ঠিক কইরা দিবাইন নাকিতা,আমি কাকে বিয়ে করব আর কাকে করব না এটা কি আপনি ঠিক করে দেবেন নাকি
নোয়াখালির ফুয়া সিলেটি ফুয়া রে পিটি লাইবো,নোয়াখালির ছেলে সিলেটি ছেলেকে পিটিয়ে ছাড়বে
চান্দো কি খালি নোয়াখালির ফোয়া ই পাওন যায়নি,চাঁদে কি শুধু নোয়াখালির ছেলেদেরই পাওয়া যায় নাকি
আমি ইকানো তুমি খই,"আমি এখানে, তুমি কোথায়"
মারিয়া তারে ফাডাই লাইছি,মেরে তাকে শেষ করে দিয়েছি
তুমিতো আমার মামুর ঘরের ফুরি তুমি আবদার কইরলেই হইবো,তুমি তো আমার মামার বাড়ির মেয়ে তুমি আবদার করলেই হবে
আমি লন্ডন বউত এক্সিডন্ট খরছি আমার ইন্ডিশন দরখার নাই,আমি লন্ডনে অনেকবার এক্সিডেন্ট করেছি আমার ইঞ্জেকশন এর দরকার নেই
মানুষ আফনারে নিয়া নানান খথা খইবো,মানুষ আপনাকে নিয়ে নানা কথা বলবে
দেহা গেলো আফনের বয়ফ্রেন্ড কুনুতা কইলো আর আফনে বিগড়ায় গেলেন,দেখা গেল আপনার প্রেমিক কিছু বলল আর আপনি বিগড়ে গেলেন
ফারিয়ার আব্বা কইগো তুমি রুশো আইয়ো,ফারিয়ার আব্বা কোথায় তুমি জলদি আসো
মাতা তো বাঙ্গি লাইছে পিটিয়া,মাথা তো ভেংগে দিয়েছে মেরে
মাতা খাজ করেনা বুলি গেছি,মাথা ঠিকমতো কাজ করছে না ভুলে গেছি
কিয়ার লাই ঘটছে ঘটনাডা কউছেন,কেন ঘটেছে ঘটনাটা বলুনতো
তে লইননা কেনে অশুবিধা কিতা,তো নেন না কেন অসুবিধা কী
তোমার ইকানো যেটা ফছন লাগে তুমি লইলাউ,এখানে যেটা তোমার পছন্দ সেটাই নাও
তুমি অইলা গিয়া আমার এখমাত্র ফুরির এখমাত্র জামাই,তুমি হলে আমার একমাত্র মেয়ের একমাত্র জামাই
ফয়সার লাইগা কুনু টেনশান খরিওনা,টাকার জন্য কোনো টেনশন করো না
আরে আফনে কেনে আমারে এই কতা কইলাইন,আরে আপনি কেন আমাকে এই কথা বললেন
শফিং এ লইয়া আইছি আমি যিতা লাগে আফনে লইন,শপিংয়ে  আমিনিয়ে এসেছি আপনি যেটা লাগে সেটা নিন
এই শার্টটা তুমি ফরলে তোমাকে নায়খের মত লাইগবো,এই শার্টটা তুমি পরলে তোমাকে নায়ক মনে হবে
ইকান থেইকা কোনটা নিবা মানে কিতা,এখান থেকে কোনটা নেবে মানে কী
তুমি দেখি কইন্যা যে ফরে বিয়ার সময় ইতা শাড়ি লইতাছ,তুমি তো দেখি কনে যে বিয়েতে পরে সেরকম শাড়ি নিচ্ছ
তোমার বইনটইন নাই তারার বিয়ার লাইগাও লউ,তোমার বোন টোন নেই তাদের বিয়ের জন্যও নাও
আফনে যে সুন্দর আফনে যিতা ফরবাইন আফনারে তাত মানাইব,"আপনি তো সুন্দর, আপনি যেটা পরবেন সেটাই আপনাকে মানাবে"
ফছন্দ খরেন আমি আছিতো,"পছন্দ করেন, আমি তো আছি"
আমার ফাসফোরট এর মেয়াদ আছিলনা রিনু খরাইছি,"আমার পাসপোর্টের মেয়াদ ছিল না, রিনিউ করিয়েছি"
ইকানো সেকেন্ড লন্ডন নামে একটা জাগা আছে জানুইননি,"এখানে সেকেন্ড লন্ডন নামে একটা জায়গা আছে, জানেন কি"
আমি আফনারারে সিলেট লইয়া জাইমু,আমি আপনাদের সিলেট নিয়ে যাব
ফাইভ স্টার হোটেলে রাখমু খাইবা দাইবা চাবাগান দেখবায়,ফাইভ স্টার হোটেলে রাখব খাবেন দাবেন চা বাগান দেখবেন
অ ফুত আমার খুব ইচ্ছা লন্ডন যাইতাম,ও বাবা আমার খুব ইচ্ছা লন্ডন যাওয়ার
জরাইয়া দরা লাগতনা দুর তেইকা ই মাতক্কা,"জড়িয়ে ধরা লাগবেনা, দূর থেকেই বলো"
সিরিয়াস কতা কউক্কা,সিরিয়াস কথা বলো
হুইনছনি  কিতা কয় তোমার বান্ধবি,শুনেছ কী বলে তোমার বান্ধবী
ফরে যে এখটা অফার দিছুইন আমাকে ইতা কইন,তারপর আমাকে যে একটা অফার দিয়েছেন এটা বলেন
হেরাই দেখি ঘরর মদ্ধে আইয়া আমার লগে মাতে,তারাই তো দেখি ঘরের মধ্যে এসে আমার সাথে কথা বলে
কারে থুইয়া কারে বিয়া কইরতাম,কাকে রেখে কাকে বিয়ে করবো
আফনারা কিতা চাইন কইনছে আমারে,আপনারা কী চান বলুন তো আমাকে
আফনারা কি ফুরি বিয়া দিয়া আমারে দামান বানাইতে চাইন,আপনারা কি মেয়ে বিয়ে দিয়ে আমাকে জামাই বানাতে চান
সইত্য কুনু সময় চাফা দিয়া রাইখতে ফাইরবাইননি,সত্যি কথা কখনও চাপা দিয়ে রাখতে পারবেন না
আমি ছিটার অ না আমি বাটফার অ না,আমি চিটার নই আর আমি বাটপারও নই
আমার চাছতো বাইরা লন্ডন গেছিল,আমার চাচাত ভাই লন্ডন গিয়েছিল
আমি কইছলাম আমারে নিতে আমারে কেউ নেনা,আমি বলেছিলাম আমাকে নিয়ে যেতে কিন্তু কেউ নেয় না
আমার তো নেশা লন্ডন যাইতাম,আমার তো নেশা লন্ডন যাওয়ার
মালয়শিয়ায় দালালের খপ্পরে পরিয়া গেছি,মালয়েশিয়ায় দালালের খপ্পরে পড়েছি
দালাল আমারে ইউরোপ লইয়া যাইবো,দালাল আমাকে ইউরোপ নিয়ে যাবে
সমুদ্রপথে আমরা ২৬ জন এখলগে আমরা ইটালিত গেছলাম,সমুদ্রপথে আমরা ২৬ জন একসঙ্গে ইতালি গিয়েছিলাম
হিনো গিয়া বাতের খষ্ট খরছি,সেখানে গিয়ে অনেক কষ্ট করেছি
লন্ডনে যাউয়ার গইল্প শুইনছেন,লন্ডনে যাওয়ার গল্প শুনেছেন
তুমি যদি আমারে বিয়া খরো খরো,"তুমি যদি আমাকে বিয়ে করো, করো"
না খরলে কুনু আফত্তি নাই,না করলে কোনো আপত্তি নেই
কিন্তু আমি তুমারে মন থাকি বিয়া কইরতাম চাইছলাম,কিন্তু আমি তোমাকে মন থেকে বিয়ে করতে চেয়েছিলাম
আমি দৌড় দিরাম,আমি দৌড় দিচ্ছি
ভিউয়ার ওবাইদি আয়,ভিউয়ার এদিকে আসো
তাম্মি আপা হোবাইদি যাও,তাম্মি আপা ওইদিকে যাও
তুমি কুনখান থাকি আইছো,তুমি কোথা থেকে এসেছো
উরি চাতনি দিয়া বাত খাইরাম,শিম ভর্তা দিয়ে ভাত  খাই
বাড়িত মেয়মান আইছুইন,বাড়িতে মেহমান এসেছে
হুটকি দিয়া বাইঙ্গন রানচুইন,বেগুন দিয়ে শুটকি মাছ রান্না হইছে
সখাল দশটার সময় বাইর হইছি,সকাল দশটার সময় বের হয়েছি
ফেটের বুকে কিতা খাইবা,পেটের ক্ষুধা মেটানোর জন্য কী খাবে
বিয়াইর বাড়ি এয়ারফোরট জাইতে হাইঞ্জা হই গেছে,বেয়াই এর বাড়ি এয়ারপোর্ট যেতে সন্ধ্যা হয়ে গেছে
বিসখুট টা লইলাইনা,বিস্কুটটা নিয়ে নিলে না
বিসখুট লইলে এনে বইয়া বইয়া খাইলাম অইলে,বিস্কুট আনলে এখানে বসে বসে খেতাম
খালি লইয়া আইছো কিতা খেতের মূলা,শুধু এনেছ কী ক্ষেতের মুলা
ফাচ মিনিট দইরা আমারে ঠেলাই লইয়া আইলা,পাঁচ মিনিট ধরে আমাকে দিয়ে ঠেলে নিয়ে এলে
তোমার গাড়িত উইঠঠা ত দেখি আমি আরো বিপদে ফরছি,তোমার গাড়িতে উঠে দেখি আমি আরও বিপদে পড়েছি
আর ফারতামনা ঠেলাইতে ঠেলাইতে আমার গাও চইলা আইছে মিয়া,আর পারবোনা ঠেলতে ঠেলতে আমার গ্রাম ই চলে এসেছে মিয়া
স্টার্ট হই গেলে বেশি সময় লাগতনা,স্টার্ট হলে বেশি সময় লাগবেনা
দিয়াইমু আফনারে জাগাত,ঠিক জায়গায় পৌঁছে দিবো আপনাকে
তুমি আর খই নিয়া দিতা আমারে,তুমি আর কোথায় নিয়ে দিয়ে আসবা আমাকে
ফাউল মানুষ কুনখানর,ফাউল মানুষ কোথাকার
ইতা খিতা কইন আফনার বাড়িত আইচ্চি,এসব কি বলেন আপনার বাড়িতে এসেছি
হালার ফাগল রে স্টার্ট হইলাইনা,গাধাটাকে স্টার্ট দিলেও হয়নি
ঠেলায়া ঠেলায়া জাগার মাল জাগাত লইয়া আইলা,ঠেলে ঠেলে জায়গার জিনিস জায়গায় নিয়ে এলে
এর থাকি হাইটা আইলে আমি আরো সখালে আইলাম অনে,এর চেয়ে হেঁটে এলে আরও সকালে আসতাম
উঠি যান ঠেলা দুক্কা আর ভারা উরা দেওয়া লাগতনা,উঠে যান ঠেলা দেন আর ভাড়াটাড়া দেয়া লাগবেনা
ভাড়া দিতাম অ না তোমারে,তোমাকে ভারা দিবো ও না
চা টা বড়ো মজা হইছে মনো বউয়ে জাল দিসে,চাটা খুব মজা হয়েছে মনে হয় বউ নিজে বানিয়েছে
জি না তোমার বউ মায়ে চা জাল দিছুইননা,"জি না, তোমার বউ মা চা জ্বাল দেয়নি"
চা আমি জাল দিসি এর লাগি মজা অইছে,"চা আমি জ্বাল দিয়েছি, তাই মজাদার হয়েছে"
এর লাগি ত মিডা কম অইছে,এর জন্যই তো মিষ্টি কম হয়েছে
অয় অয় আমি দেখলাম তুমি খিতা কউ,হ্যাঁ হ্যাঁ আমি দেখলাম তুমি কি বলো
আব্বা খিতা খইরাইন,আব্বা কি করেন
হুনলাম আজকে আমার হউর বুইলে আইরাইন,শুনলাম আজকে আমার শ্বশুর নাকি আসছেন
কিতা খস বেটা আর কুন সময় আইতা,"কী বলছো, এত দেরি করে আসছে কেন"
আম্মা সখালে ফোন দিয়া কইলা আব্বা দশটার সময় রউনা দিছুইন,"আম্মা সকালে ফোন করে বললেন, আব্বা দশটায় রওনা দিয়েছেন"
অবু আইলানা,তবুও এখনও আসেননি
খারন খিতা বুঝলামনা,কারণ কি বুঝতেছিনা
ইকানো চিন্তার কিতা আছে,এত চিন্তা করার কী আছে
তাইনে তো আর মহিলা মানুষ না,তিনি তো আর মহিলা মানুষ নন
ইগুরে কন্ট্রোল কইরা লইয়া আইতে আইতে আরো একদিন দরখার,ওকে নিয়ন্ত্রণ করে নিয়ে আসতে আসতে হয়তো আরও একদিন সময় লাগবে
আরো খত জাতের বিরতি আছে,আরো কত ধরনের বিরতি আছে
আইচ্চা বেডা আস্তে ধীরেই আউকগা,"ঠিক আছে, ধীরে ধীরে আসুক"
আমার আব্বা আর বাইসাবরে তাইনে কিতা কইরা,আমার আব্বা আর ভাইসাহেবকে তিনি কি বললেন
ও বেডি দেখুনানি তার বাফের লগে আর আমার লগেও ডং করে,"ও মেয়ে দেখোনা, তার বাবার আর আমার সাথেও সে কেমন ঢং করে"
আবার ডেক্কা দেউয়া লাগবনি,আবার ধাক্কা দেয়া লাগবে নাকি
এমনো মিজাজতা রিকশার ডাইভারে খারাপ করি দিছে,এমনেই মেজাজটা রিক্সার ড্রাইভার খারাপ করে দিয়েছে
তুমি আর করিওনা,তুমি আর করো না
এমনই বালা লাগেনা অশান্তি অশান্তি লাগে,এমনি ভালো লাগেনা শুধু অশান্তি অশান্তি লাগে
ইতা ত বিস্কুট না ইতা ত টিস্যু,"এটা তো বিস্কুট নয়, এটা তো টিস্যু"
ইতা ত খাইননা ইতা দিয়া মুখ ফুছুইন,"এটা তো খাবার নয়, এটা দিয়ে মুখ মোছে"
ইতা ত হাউয়াই মিঠাই লাগে,এটা তো হাওয়াই মিঠাইয়ের মতো লাগছে
তাইনে আমার কিরিম আনার লাগি টেহা নিছে,তিনি আমার ক্রিম আনার জন্য টাকা নিয়েছেন
আমি মিছা মাত্তাম ফারতামনা,আমি মিথ্যা বলতে পারবোনা
বিয়াই অ ফাগল ফুত্রাও ফাগল,বিয়াই ও পাগল ছেলেও পাগল
ও ফুত তুমি বইয়া বইয়া মোবাইল চালাইবানি,ও ছেলে তুমি বসে বসে মোবাইল চালাবা নাকি
তুমি তারারে ফাচটা মিনিট সময় দিতায় ফারনানি,তুমি তাদের পাঁচটা মিনিট সময় দিলেও দিতে পারতে
বিয়াইয়ে চার লগে টিস্যু খাইয়া লাইছে,বিয়াই চাইয়ের সঙ্গে টিস্যু খেয়ে নিয়েছেন
ইয়াল্লাহ আব্বা অ কিতা কউ তারা  টিস্যু খায়া লাইছুইন,হায় আল্লাহ! আব্বা কী বলেন তারা টিস্যু খেয়ে নিয়েছেন
তারা কিতা টিস্যু চিনুইননানি,তারা কি টিস্যু চিনতেন না
যাও ফুত টিস্যুর ফেকেট তা হরাইয়া থুইয়ো,যাও বাবা টিস্যুর প্যাকেটটা সরিয়ে রেখে দাও
তারার বালতি ইতা কিতা ফুটা ফুটা,তাদের বালতিটা কী যেন ফুটো ফুটো
ফেটর মাইজে কামর মারি দইরছে,পেটের মাঝে কামড় দিয়ে ধরেছে
আমি সিলটি ফুরি,আমি সিলেটি মেয়ে
আমার রুফের নাই জুরি,আমার রূপের তুলনা নেই
আমি ইচ্ছামত ফান খাইয়া ঠোট লাল খরি,আমি ইচ্ছামতো পান খেয়ে ঠোঁট লাল করি
আমি থুরা থুরা কতা খই জানে হক্কলে,"আমি একটু একটু কথা বলি, সবাই জানে"
আমার কান্দাত আইতে পোয়াই পায় যে অনেক ভয়,আমার রাগ উঠলে ছেলেরা অনেক ভয় পায়
আমার কতা হুনলে ফরে করে যে নয়ছয়,আমার কথা শুনলে পরে করে নয়ছয়
বয়স আমার সবে মাত্র হইল যে কুড়ি,বয়স আমার সবে কুঁড়ি হয়েছে
হাতো মাখছাইন মেন্দি,হাতে মেখেছে মেহেদি
লগে ব্র্যান্ডের দামি ওয়াচ,সঙ্গে ব্র্যান্ডের দামি ঘড়ি
শরমের ঠেলায় রুমাল মুখো,লজ্জায় রুমাল দিয়ে মুখ ঢেকে
সবে দিরা নাচ,সবাই দিলো নাচ
নতুন বউররে দেখতা,নতুন বউকে দেখতে
তান হার্টে মারের ফাল,তার হার্ট দেয় লাফ
চান্দের লাখান কইন্যা দেখিয়া দামান বেশামাল,চাঁদের মতো কনে দেখে জামাই বেশামাল
সিলেটিয়া রঙ্গিলা দামাল যাইতা শশুরবাড়ি,সিলেটি রঙ্গিলা জামাই যাচ্ছে শ্বশুরবাড়ি
ইস্ট রিভারোর ফারো বাড়ী,ইস্ট রিভারের পাশে বাড়ি
ইতা দি মুখ ফুইছবাইন কিল্লাই,এটা দিয়ে মুখ মোছার কী দরকার
নিউ ইয়র্ক সিটিত বেটাগিরি,নিউ ইয়র্ক সিটিতে বেটাগিরি করি
আমরা হক্কল সিলেটি,আমরা সবাই সিলেটি
মাতামাতি বাদ দেও খাম খাজো আত দেও,কথাবার্তা বাদ দেও কাম কাজে হাত দেও
নিজে জেবলা ফাররায়না তে আমারে আইয়া সাদ দেও,নিজে যখন পারবানা আমাকে এসে সাহায্য করো
যিদাযিদি বাদ দেও,জেদাজেদি বাদ দাও
বিতরে কুনতা রাইক্কা লাব নাই কিতা খইতায় খইদেও,ভেতরে কিছু রেখে লাভ নেই যা বলার বলে দেও
হুনবার আগে ফাল দেও বালা খরলে বাদ খও,শোনার আগেই লাফ দেও ভালো করলে বাদ বলো
সিলেটি র‌্যাপ গাইতাম আইসি বাইসাব তুমি কুয়াই যাও,সিলেটি র‌্যাপ গাইতে এসেছি ভাইসাহেব তুমি কোথায় যাচ্ছ
যেনো আসো বইযাও ইচ্ছা মতো গাইল্লাও,যেখানে আছো বসে যাও ইচ্ছামতো গান গাও
আমরা হক্কল সিলেট বাসী খে কুয়াই আসো আউজ্ঞাও,আমরা সবাই সিলেটবাসী কে কোথায় আছো আগায়ে আসো
বিদেশ আমরা বড়ো ওইসি,বিদেশে আমরা বড় হয়েছি
সিলেট বুকো দইরা রাখসি,সিলেটকে বুকে ধরে রেখেছি
বালা কুনতা খোরতাম সাইসি,ভালো কিছু করার চেষ্টা করেছি
র‌্যাপ গান গাইয়া নাম খামাইসি,র‌্যাপ গান গেয়ে নাম কামিয়েছি
বুক ফুলাইয়া রাস্তাত আটি,বুক ফুলিয়ে রাস্তায় হাঁটি
যেনো যাইবায় দেখবায় সিলেটীরে ফাইবায়,যেমন যাবে দেখবে সিলেটের আবহ পাবা
রাস্তা গাটে আটবায় আর সিলেটি মাত হুনবায়,রাস্তা ঘাটে হাঁটবে আর সিলেটি ভাষা শুনবে
নাইয়োর একদিন আইবায় হাতখরাদি খাইবায়,মেহমান একদিন আসবে সাতকড়া দিয়ে খাবে
যাইবার সময় ফান সুফারি লগে লইয়া যাইবায়,যাওয়ার সময় পান সুপারি সঙ্গে নিয়ে যাবে
সিলেটি মাত হিকবায় সিলেটি গান গাইবায়,সিলেটি ভাষা শিখবে সিলেটি গান গাইবে
আমরার লগে উটবায় আর আমরার লগে বইবায়,আমাদের সঙ্গে উঠবে এবং আমাদের সঙ্গে বসবে
আমরার লগে সোলবায় আশা খরি থাকবায়,আমাদের সঙ্গে চলবে (মিশবে) আশা করি থাকবে
আমরা হক্কল সিলেট বাসী সালাম সবে লোইবায়,আমরা সবাই সিলেটবাসী সবাই সালাম নিবে
খানাখানি বাদ দেও,ঝগড়া করা বাদ দাও
যেখানো যাও আমরার মানুষ কুনুবাইদি খম নায়,যেখানেই যাও আমাদের লোকজন কোনদিকে কম নয়
লেখা ফোড়া গান বাজনা কুনুবাইদি ফিসে নায়,"পড়াশোনা, গান-বাজনা, কিছুতেই তারা পিছিয়ে নেই"
ফির ফকিরর মাটি সিলেট,সিলেট হলো পীর ফকিরের মাটি
শাহজালালর মায়ার সিলেট,শাহজালালের মায়ার সিলেট
ওউ ফকিররে কইসিল তারা ইতা গান খেউ হুনতো নায়,ওই ফকিরকে বলেছিলো তারা এই গান কেউ শুনবে না
রোড সিমেন্টর ফকির আমি ডেক্কা খাইলে ভাংতাম নায়,রাস্তা ঘাটের ফকির আমি ধাক্কা খেলেও ভাংবোনা
ফতে গাটে উষ্টা খাইমু আসাড় খাইয়া ফড়তাম নায়,পথে ঘাটে উষ্ঠা খাবো কিন্তু আছাড় খেয়ে পরবোনা
সুরমা গানগর ফারো বাড়ী,সুরমা নদীর তীরেই আমাদের বাড়ি
শাহজালালোর উত্তর শুড়ি,শাহজালালের উত্তরাধিকার আমরা
আমরা হকল সিলটী,আমরা সবাই সিলেটি
সিলটর পবিত্র মাটি,সিলেটের পবিত্র মাটি
ওলি-আউলিয়ার দোয়া পাইয়া,ওলি-আউলিয়ার দোয়া পেয়ে
অইছিরে খাঁটি,আমরা হয়েছি খাঁটি
চারিপাশে মানুষেৰে ভিড় জমাই আছে,চারপাশে মানুষ দিয়ে ভরা
সবতা মিলে বারো মাস,সবমিলিয়ে বারো মাস
জাত বেজাতে মিলিমিশি,জাত-পাত ভুলে আমরা একসঙ্গে মিলেমিশে থাকি
করি আমরা বাস,আমরা বসবাস করি
রূপর কথা কইতামনি আর,সৌন্দর্যের কথা আর কী বলব
সবুজে পরিপাটি,সবুজে ভরা
ধন দৌলতের বুঝিনা অভাব,ধন-সম্পদের কোনো অভাব নেই
অয় লাভের উপরে লাভ,এখানে লাভের ওপর লাভ
ডলার পাউন্ড পাঠাইন আমরার,ডলার আর পাউন্ড পাঠান আমাদের
লন্ডনি ভাইসাব,লন্ডনপ্রবাসী ভাইয়েরা
ইংলিশ দেশো গিয়া হখলে,ইংল্যান্ডে গিয়ে সবাই
বানাইছইন শত ঘাটি,শত শত ঘাঁটি গড়ে তুলেছেন
জ্ঞানি গুণী হক্কলে জানইন,জ্ঞানী-গুণী সবাই জানেন
আদরে কাছেতে টানইন,ভালোবাসা দিয়ে কাছে টেনে নেন
বিশ্ববাসী মাথামোটা আমরারে মানইন,সারা পৃথিবীর মানুষ আমাদের সম্মান করে
যায়বায়নি গুরতে,ঘুরতে যাবে কি
জ্ঞান দিয়া দেশরে লাড়াইয়া,জ্ঞান দিয়ে দেশকে আলোকিত করি
বাইরেও আমরা জ্ঞান বাটি,বিদেশেও আমরা জ্ঞানের আলো ছড়াই
উজ্জলে কয়  আমরা যে খুশি,উজ্জ্বলভাবে বলা যায় আমরা খুবই সুখী
পরাণর সিলটি অইছি,প্রাণের সিলেটি হয়েছি
না চাইতেও পাইছি আমরা,না চাইতেও পেয়েছি আমরা
হক্কলতাও বেশি,সবকিছুতেই বেশি
মরার সময় তোমার বুকুত,মরার সময় তোমার বুকে
শেষ বেলাতে দম লুটি,শেষ সময়ে দম লুটিয়ে দেই
এখ সাফতা দরি বাজার খরস গরো কুন্তা নাই,এক সপ্তাহ ধরে বাজার করেও ঘরে কিছু নাই
"ওই, তোর বাচ্চাইনতোর খতা মনো ওয় না নি রে",ওই তোর বাচ্চাদের কথা মনে হয়না নাকি রে
ইতারে আমি কীতা খাবাইতাম,এদেরকে আমি কি খাওয়াবো
আস্তাদিন তো আমড়া গান লইয়া বই থাকি,সারাদিন তো আমরা গান নিয়ে পড়ে থাকি
কীতা তুই গান গাছ আস্তাদিন,কীভাবে তুই গান গাছ সারাদিন
লন্ডনী এখ ফুইড়ে গো,লন্ডনের এক মেয়ে গো
লন্ডনী এখ ফুইড়ে গো ফাগল বানাইলিছে,লন্ডনের এক মেয়ে গো পাগল বানিয়েছে
ওতো সুন্দর ইংলিশ হুইন্না মাতা বিগড়ি গেছে,এতো সুন্দর ইংরেজি শুনে মাথা বিগড়ে গেছে
আমেরিকাত আইয়া লালর খাড়ি পাইছি,আমেরিকায় এসে শান্তি পেয়েছি
ইয়াল্লা বাছাওগো,ইয়া আল্লাহ বাঁচাও
গরো বউয়ে যানলে আমার খবর ওইজিবো,ঘরের বউ জানলে আমার খবর হয়ে যাবে
এরে অবায় ছাও এখটা মিনিট ওবায় আও,এই ওদিকে তাকাও এক মিনিট এদিকে আসো
থুড়া মাত আছিল নু তোমার লগে,তোমার সাথে একটু কথা ছিল
খানদাত এখটু আও,খানিকের জন্য একটু আসো
তোমার নাম্বার দিয়া যাও,তোমার নাম্বার দিয়ে যাও
নাইলে নাম্বার লইয়া যাও,নাহলে নাম্বার নিয়ে যাও
বুকে দরফড় দরফড় খরের,বুকে দরফড় দরফড় করছে
তুমি আমারে বাছাও,তুমি আমাকে বাঁচাও
আখতা দেইক্কা রাস্তাত আমার হুশ আরাইগেসে,হঠাৎ দেখে রাস্তায় আমার হুশ হারিয়ে গেছে
মিষ্টি আসি মাইরা বন্ধে যান খাড়িলিছে,মিষ্টি হাসি দিয়ে বন্ধু মন কেঁড়ে নিয়েছে
মনটা আমার বাউল আব্দুল করিম ওইগেছে,মনটা আমার বাউল আব্দুল করিম হয়ে গেছে
কী জাদু করিয়া বন্ধে মায়া লাগাইছে,কী জাদু করে বন্ধে মায়া লাগিয়েছে
ফকির আমি বিদেশ তাকি সিলেটি র‍্যাপ গাই,ফকির আমি বিদেশ থেকে সিলেটি র‍্যাপ গাই
খটিন মনোর মানুষ আমি প্রেম পিরিতিত নাই,কঠিন মনের মানুষ আমি প্রেম পিরিতি করি না
খয় পার্কর টাইম অইগেছে শেষ,বলে পার্কের টাইম শেষ হয়ে গেছে
আচ্চা হুনো এরে,আচ্ছা শোনো এদিকে
এরে ওবায় সাওসাইন থুড়া বালা বুরা মাত্তাম,এই একটু এদিকে তাকাওতো একটু ভালো মন্দ বলবো
গাছর তোলে বইয়া দুইটা খতা সাইসলাম খইতাম,গাছের নিচে বসে দুটো কথা বলতে চেয়েছিলাম
বেশী কুন্তা সাইরামনাগো বন্ধু খালী ওইতাম,বেশি কিছু চাবোনা গো শুধু বন্ধু হবো
মাঝে মাঝে ফাখাইতাম আর ছা এখ ফুটা খাইতাম,মাঝে মাঝে ঘুরতে আসতাম আর একটু চা খেতাম
বিদেশ আইসি খতো আশা বুকর মাঝে লইয়া,বিদেশ এসেছি কতো আশা বুকের মধ্যে নিয়ে
বৌ লইয়া সবর লগে তাখতাম মিল্লা,বউ নিয়ে সবার সাথে মিলে থাকতাম
ই বয়সো কুন বিফোদো ফড়লাম রেবা বাই,এই বয়সে কি বিপদে পরলাম রে ভাই
কীতা তাকি কীতা খররাম ঠিক ঠিকানা নাই,কি থেকে কি করবো তার কোনো ঠিক ঠিকানা নেই
মানষে হুনলে ফুরান জুতা আমার গালো মারবো লো,মানুষ শুনলে পুরনো জুতা আমার গালে মারবে
আউরে বাই মাঠো যাই,এসো ভাই মাঠে যাই
আততালি দিয়া স্বাগত জানাই,হাততালি দিয়ে স্বাগত জানাই
বলে বেটে খেলা হইব,বলে ব্যাটে খেলা হবে
ছক্কা চাইরের মেলা বইব,ছক্কা চারের মেলা বসবে
খেলব আমরার সিলেট স্ট্রাইকার,খেলবে আমাদের সিলেট স্ট্রাইকার
বেটে বলে খেলা হইব সারা দেশে মজা ফাইব,ব্যাটে বলে খেলা হবে পুরো দেশ মজা পাবে
একবার খইলাউ তুমি রাজি,একবার বলো তুমি রাজি
আমি ঘটক পাঠাইমু,আমি ঘটক পাঠাবো
তোমায় লইয়া আমি,তোমায় নিয়ে আমি
সারা সিলেট শহর ঘুরাইমু,পুরো সিলেট শহর ঘুরাবো
আমেরিকা প্যারিস শহর যাইমু,আমেরিকা প্যারিস শহর যাবো
যাইমু রে লন্ডন,যাবো রে লন্ডন
মিডিলিস্টর সব দেশ ঘুরমু,মিডিলিস্টের সব দেশ ঘুরব
খালি আমরা যে দুইজন,শুধু আমরা দুইজন
তোমার লম্বা মাত খান থও,তোমার বড় বড় কথা রাখো
লম্বগিনি গাড়ি লও,লম্বগিনি গাড়ি নাও
এত হস্তায়নি ফাইলাইতায় আমার মন,এতো সস্তায় কি পেয়ে যাবা নাকি আমার মন
সোনা পাখি গো,সোনা পাখি গো
আমার লক্ষী পাখি গো,আমার লক্ষী পাখি গো
আমি দেশে দেশে ঘুরি,আমি দেশে দেশে ঘুরে
আমার ময়নার লাগি গো,আমার ময়নার জন্য গো
আমার প্রেমর সাগর গো,আমার প্রেমের সাগর গো
আহ্লাদের টুখরা গো,আহ্লাদের টুকরো গো
"আমি মন দিমু, দিল দিমু ",আমি মন দিব দিল দিব
তুমি খতা রাখলে গো,তুমি কথা রাখলে গো
তুমি মোর হুয়াগোর খোলই,তুমি আমার সোহাগের খুলী
আমার বাঙ্গা নাওর গোলই,আমার ভাঙ্গা নৌকার গলুই
মন উদাসী দিবানিশি,মন উদাসী দিবানিশি
"তোমার বাবনায় রইগো,",তোমার ভাবনায় থাকি গো
আগে বাড়ির মালিক হও,আগে বাড়ির মালিক হও
একটা গাড়ির মালিক হও,একটা গাড়ির মালিক হও
বিয়া খরিয়াই বউ ফাইলাইতা মুখর কতা না,বিয়ে করেই বউ পেয়ে যাওয়া মুখের কথা না
খতা যদি ঠিক থাকে গো,কথা যদি ঠিক থাকে গো
বাড়িত পাঠাও কাজী,বাড়িতে পাঠাও কাজী
তোমার লাগি ধরতাম পারমু,তোমার জন্য ধরতে পারব
আমার জীবন বাজী গো,আমার জীবন বাজি গো
আমি লইসি প্রেমের রশি,আমি নিয়েছি প্রেমের রশি
বাড়িত পাঠাইরাম কাজী,বাড়িতে পাঠাবো কাজী
মনে লয় উড়াল দিলাই,ইচ্ছা করে উড়ে যাই
আমি লাল শাড়ি পিনদিয়া,আমি লাল শাড়ি পরে
আশায় বুক বন্দিলাম  গো,আশায় বুক বাঁধলাম গো
গফর গরু গাছো উঠতে লাগেনাতো মই,গল্পের গরু গাছে উঠতে লাগেনা তো মই
গফিয়া ময়নার গফের কতা হুনো কিছু কই,গল্পকার ময়নার গল্পের কথা শুনো কিছু বলি
ভুলছি নাগো কেওরে আমি,ভুলিনি গো কাউকে আমি
ভুলাই লাইছে সময়,ভুলিয়ে দিয়েছে সময়
কইতাম পারিনা কোন সময় রাইত কোন সময় দিন হয়,"বলতে পারি না, কখন রাত্রি, কখন দিন হয়"
একমুইট ভাতর লাগি করি কত কাম,একমুঠো ভাতের জন্য করি কত কাজ
পরিশ্রমে ভুলি লাই বাপ দাদার নাম,পরিশ্রমে ভুলে ফেলি বাবার ও দাদার নাম
মায় কয় বাপ উসদ আনিছ পুয়ায় কয় চকলেট,মা বলে বাবা ঔষধ আনিস ছেলে বলে চকলেট
বাবায় কয় বাপ কয়দিন থাকি নাই বিড়ি সিগারেট,বাবা বলে বাবা কতদিন থেকে নেই বিড়ি সিগারেট
পুরিয়ে কয় বাবা এবার পূজাত নয়া জামা দিও,মেয়ে বলে বাবা এবার পূজাতে নতুন জামা দিও
আমি তো ফাখি ই আছি,আমি তো পাখি ই আছি
তুমিও যেমন,তুমিও যেমন
দাদির লাগি পান না আনলে মুখ ভরি গাইলাইন,দাদির জন্য পান না আনলে মুখ ভরে গালি দিবে
ঘরর খরচ কিলা আনতাম চিন্তাত পরছি,ঘরের খরচ কিভাবে আনব চিন্তায় পড়েছি
কেউরির দোষ নায়গো আমি বিয়া কইরা টেকছি,কারোর ই দোষ নেই গো আমি বিয়ে করে ঠেকেছি
মাইনষর ছেরা দেখতে ভালা ফাই আমি,মানুষের চেহারা দেখতে পছন্দ করি আমি
খাইশ অয় ছউখে ছউখে ছাই,ইচ্ছা হয় চোখে চোখে তাকাই
ই আশে তোমার সেবা খরি,এই আশায় তোমার সেবা করি
মুখ দি টান মারি সর্ফর বিষ নামাই,মুখ দিয়ে টান দিয়ে শাপের বিষ নামাই
কুনদিন ভাংব ঘুম তোমার,কোনদিন ভাঙবে ঘুম তোমার
ফালাইবায় অমন ছখুর ফলখ,ফেলবে এমন চোখের পলক
সুনামগঞ্জ বাস্ট্যান্ডর কাছে যে ফাগলিরে দেখছিলাম তাই ফাগল আছিল নি,"সুনামগঞ্জ বাসস্ট্যান্ডের কাছে যে পাগলিকে দেখেছিলাম, সে পাগল ছিল না"
ক্লাশ ফৌরো থাখতে বৃত্তি দিবার লাগি,ক্লাস ফোরে থাকতে বৃত্তি দেবার জন্য
সুনামগঞ্জ ঢুইক্কা অউ দেখি‘হাসন রাজার দেশো স্বাগতম’ লেখা,"সুনামগঞ্জ ঢুকেই দেখি 'হাসন রাজা দেশ, স্বাগতম' লেখা"
ঠিক এর ফরেওউ ধলা বেটি এগু দৌঁড়ি যায় দেখি গান গাই গাই,ঠিক এরপরেই দেখি একটা ফর্সা মহিলা গান গাইতে গাইতে দৌড়ে যায়
মোল্লার বেশ আমার,মোল্লার বেশে আমি
এখে তো বাইচ্ছা বয়স,একেই তো বাচ্চা বয়স
মইষর লাখান মোটা আর কালা,মহিষের মত মোটা আর কালো
আব্বা হখলরে তাজ্জব খরিদিছে,বাবা সবাইকে অবাক করে দিয়েছে
তারে আমি ঘাড় ফিরি দেখি,আমি তাকে ঘার ফিরিয়ে দেখেছি
খার লাগি ফাগল অইছে বেটি ইগু,কার জন্য পাগল হয়েছে এই মহিলা
খার নাম জফি জফি গান গাই যায়,কার নাম জপে জপে গান গেয়ে যায়
"খে তাইর খাড়ি  লইছে হৃদয়,মগজ",কে তার হৃদয় এবং মগজ কেড়ে নিয়েছে
ফাগল বেটিয়ে খেনে ভুলিগেলো বেশভূষা তান,পাগল মহিলা কেনো ভুলে গেলো তার বেশভূষা
আইজ অতটা বইচ্ছর অইল আমি তার ফাইলামনা কিনারা,আজ এত বছর হয়েছে আমি তার কূলকিনারা পেলামনা
তাইরে ধরছে বাটির চালানে,তাকে ধরছে বাটির চালানে
পার্কর সব থাকি ডিপ এলাকাত গিয়া বই আমরা,পার্কের সব থেকে ডিপ এলাকায় গিয়ে বসে পরি আমরা
ফাখিপ্রেমও ফড়ি আমরা,পাখির প্রেমেও পরি আমরা
নিরালায় এন্ডা ফাড়ি,নিরালায় ডিম পাড়ে
আইয়া ভাংগে দেখো আমরার ডানা,এসে ভেঙে দেখো আমাদের ডানা
"তুই কেমন আছোস, কেমন দিন কাটাইতাস",তুই কেমন আছিস কেমন দিন কাটাচ্ছ
আগে যাইয়া তোর ঘরও দেখলাম,আগে গিয়ে তোর ঘরও দেখলাম
মই আইসালাম তুর লাগি তুই কও কিবা চাই,আমি আসলাম তোর জন্য তুই বল কী চাই?
তুরে লাগি কষ্ট পাইলেও আমি কিছু বলুম না,তোর জন্য কষ্ট পেলেও আমি কিছু বলব না
ঘর যাইতে দেরি হইলো তুন্নো কিছু খাস নাই,ঘরে যেতে দেরি হয়েছে তাও কিছু খেলি না
তোহে কইলাম কুমিল্লা গিয়া আসব কিন্তু তোরা আমগো আস্তে থাকো,তোকে বললাম কুমিল্লা গিয়ে আসব কিন্তু তুই আমাদের আস্তে থাকতে বলেছিস
এইখানে এলাম তুরে চেহারা দেখি আশ্চর্য হইলাম,এখানে এলাম তোর মুখাবয়ব দেখে আশ্চর্য হলাম।
আজকে ইউনিভার্সিটির ক্লাস নাই তাই সময়টা ফালাইয়া দিলাম,আজকে ইউনিভার্সিটির ক্লাস নেই তাই সময়টা নষ্ট করে দিলাম
ইউনিভার্সিটিতে ফড়ার চেষ্টাত আছি একডা ভালো রেজাল্ট আনতে হইবো,ইউনিভার্সিটিতে পড়াশোনার চেষ্টা করছি একটি ভালো রেজাল্ট আনতে হবে
কতদিন পর ইউনিভার্সিটির লাইব্রেরিতে গেলাম নতুন বইগুলা দেইখা ভালা লাগছাইন,কতদিন পর ইউনিভার্সিটির লাইব্রেরিতে গেলাম নতুন বইগুলো দেখে ভালো লাগছে
ক্লাসের রুমে সবার সামনে ফ্রেজেন্টেশন দিয় মনের ভয়টা এখটু কমাইছি,ক্লাস রুমে সবার সামনে প্রেজেন্টেশন দিয়ে মনের ভয়টা একটু কমিয়ে ফেলেছি
আইজকুর বিতর্কর বিষয় হইলো আমার দেশো আমিওও সেরা,আজকের বিতর্কর বিষয় হল আমার দেশে আমিই সেরা
নোয়াখালীর আলামিনর বিস্কুট দিয়াউ আমার বক্তব্য শুরু কররাম,নোয়াখালীর আলামিনের বিস্কুট দিয়েই আমার বক্তব্য শুরু করছি
যে আলামিনর বিস্কুট লইয়া ওউ নোয়াখালীর আফা অত ফটর ফটর মাত কইয়া গেলা,যে আলামিনের বিস্কুট নিয়ে এই নোয়াখালীর আপু অত ফটর ফটর কথা বলে গেলেন
অউ আলামিনর বিস্কুট সিলটর একটা জিনিস ছাড়া আঠার গুল্লা ছাড়া আর কুন্তা নায়,এই আলামিনের বিস্কুট সিলটের একটা জিনিস ছাড়া আঠার গুল্লা ছাড়া আর কিছুই না
বুঝছইন নি আফনারা জিনিসটা কিতা? জ্বী অয়,বুঝছেন নাকি আপনারা জিনিসটা কি? জ্বী হ্যাঁ
ইটা অইল সিলটর চা,এইটা হল সিলেটের চা
ওউ সিলেটর চা যদি না থাকে আলামিন বিস্কুটর লগে,এই সিলেটের চা যদি না থাকে আলামিন বিস্কুটর সাথে
আলামিনর বিস্কুট আর গরু মার্কা ঢেউটিনের মাঝে কোনও ফার্থক্য নাই,আলামিনের বিস্কুট আর গরু মার্কা ঢেউটিনের মাঝে কোনও পার্থক্য নাই
চার মাত তাকি আমার মন হইল আরেকটা জিনিসের চ,চার কথা থেকে আমার মন হইল আরেকটা জিনিসের
আর খাইয়া খালি কইবা,আর খেয়ে শুধু বলবা
হাতকরাও ইজ দ্যা বেস্ট,সাতকরা ইজ দ্যা বেস্ট
খালি হাতকরাও নি,শুধু সাতকরাই নাকি
সিলেটের মাতও যেলা রস,সিলেটের কথাতেও যেমন রস
হ লাখান৷ এরে,থামো এইযে
সিলেটি ভাষাত ইতা আফনারার চিটাগংয়ের বনফুল না ধুতরা ফুল ইতার থাকি বালা রস আছে,সিলেটি ভাষায় এই আপনাদের চিটাগংয়ের বনফুল না ধুতরা ফুল এইসবের থেকে ভালো রস আছে
ওও রসের লাগিওতো সিলেটি মাইনষে সিলটি ছাড়া আর কুন্তা মতইনও না,এই রসের জন্যই সিলেটি মানুষে সিলটি ছাড়া আর কিছু বলেনও না
বুঝইনও না আর হুনইনও না,বোঝেনও না আর শুনেনও না
আর আফনারা তো আছইন খালি দুনুছুনুত,আর আপনারা তো আছেন শুধু দুনুছুনুত
নিজের মাত মাততা না শুদ্ধ ভাষা মাততা,নিজের কথায় কথা বলবেন না শুদ্ধ ভাষা কথা বলবেন
এরে,এইযে
আফনারারে কইয়ার,আপনাদের বলতেছি
সিলটি ভাষা হিকইন,সিলটি ভাষা শিখেন
সিলটি ভাষা মাতইন,সিলটি ভাষায় কথা বলেন
নিজে মাইয়া যেলা আরাম ফাইবা,নিজে বলে যেমন আরাম পাবেন
মাইনষে হুনিয়াও আরাম ফাইব,মানুষে শুনেও আরাম পাবে
অতখন ত খালি খানি আর ভাষায় মাত মাতলাম,এতক্ষণ ত খালি খাওয়া আর ভাষায় কথা বললাম
অখন আউক্কা জায়গার মাতো,এখন আসেন জায়গার কথায়
সিলটর লাখান সুন্দর জায়গা খালি বাংলাদেশো কেনে,সি্লেটের মতো সুন্দর জায়গা খালি বাংলাদশে কেনো
ফুরা ওয়ার্ল্ডও দুইটা নাই,পুরো ওয়ার্ল্ডও দুইটা নাই
এর লাগিওতো সিলেটি মানুষ লন্ডন,এর জন্যই সিলেটি মানুষ লন্ডন
আমেরিকা,আমেরিকা
সৌদি,সৌদি
দুবাই ইতা বহুত বড় বড় দেশ মারিয়া শেষে সিলেটেও আইন,দুবাই এইসব অনেক বড় বড় দেশ ঘুরে শেষে সিলেটেই আসেন
এরে অউ চিটাগংই ভাইরে কইয়ার,এইযে এই চিটাগংই ভাইরে বলতেছি
মাইক বাজাই বাজাই মানুষ খালি আফনারার ওবায় যাইন না,মাইক বাজিয়ে বাজিয়ে মানুষ শুধু আপনাদের ওইদিন দিয়েই যান না
ওউ সিলেটর পাহার,এই সিলেটের পাহার
চা বাগান,চা বাগান
মাধবকুন্ড,মাধবকুন্ড
জাফলং,জাফলং
ভোলাগঞ্জ দেখার লাগি,ভোলাগঞ্জ দেখার জন্য
মাইক বাজাইয়া নাস্তে নাস্তে অবায়দিও আইন,মাইক বাজাইয়া নাস্তে নাস্তে এইদিকেও আসেন
খালি সুন্দর নায়,শুধু সুন্দর না
সিলট অইল শান্তির জায়গা,সিলেট হল শান্তির জায়গা
এর লাগিওতো হযরত শাহজালাল তাহার ৩৬০ আউলিয়া লইয়া ফুরা দেশ ছাড়িয়া অনও আইছইন,এর জন্যই হযরত শাহজালাল তাহার ৩৬০ আউলিয়া নিয়ে পুরো দেশ ছেড়ে এইখানেই আসছেন
খালি শাহজালাল নায়,শুধু শাহজালাল না
হযরত শাহপরানও আস্তা দেশ থইয়া অও সিলেটেও আইছইন আর কোনও জায়গাত গেছইন না,হযরত শাহপরানও সমস্ত দেশ রেখে এই সিলেটেই আসছেন আর কোনও জায়গায় গেছেন না
কেনে জানইন নি,কেনো জানেন নাকি
তারা বহুত আগেও বুঝতে পারছইন,তারা অনেক আগেই বুঝতে পারছেন
যে সিলেটের মতো শান্তির জায়গা আর সিলেটর মাইনষের মতো শান্ত,যে সিলেটের মতো শান্তির জায়গা আর সিলেটর মানুষের মতো শান্ত
ভদ্র আর পরহেজগার মানুষ বাংলাদেশও আর দুইটা নাই,ভদ্র আর পরহেজগার মানুষ বাংলাদেশও আর দুইটা নাই
এর লাগি আজকে আফনারার গলা ফাটাইয়াও লাভ অইত নায়,এর লাগি আজকে আপনাদের গলা ফাটিয়েও লাভ হবে না
সিলেটর মাইনষে মন যেতা মায়া মহব্বত আছে বুঝছইন নি,সিলেটর মানুষের মনে যত মায়া মহব্বত আছে বুঝছেন নাকি
ইতা মায়া মহব্বত দুনিয়ার কোনও জায়গাত খুঁজিয়া পাইতায় নায়,এইরকম মায়া মহব্বত দুনিয়ার কোনও জায়গায় খুঁযে পাবেন না
ইতা মায়া মহব্বত কিতা,এই মায়া মহব্বত কি
ইতা আফনারা বুঝতা নায়,এইসব আপনারা বুঝবেন না
ইতা বুঝইন আমরার জাফর ইকবাল স্যারে,এইটা বুঝছেন আমাদের জাফর ইকবাল স্যারে
এর লাগিওতো আমেরিকা উমেরিকা বহুত বড় বড় দেশ মারিয়া সিলেটও আইয়া বইছইন,এর জন্যই আমেরিকা উমেরিকা অনেক বড় বড় দেশ ঘুরে সিলেটও এসে বসছেন
তাইন কিতা ফারতা নানি এমেরিকা থাকতায়,তিনি কি পারতেন না এমেরিকা থাকতে
নাইলে আইয়া অও ঢাকা আর বরিশাল যাইতা,নাহলে এসে এই ঢাকা আর বরিশাল যাইতে
গেছইন না কের লাগি,গেছেন না কিসের জন্য
অও সিলেটের মাইনষের মায়ায়,এই সিলেটের মানুষের মায়ায়
ইতা বুঝতে অইলে আফনারার বাক্কাদিন খাইয়া আউয়া লাগব,এইসব বুঝতে হইলে আপনাদের অনেকদিন খেয়ে আসা লাগবে
নোয়াখালীর আফায় কইন কিতা,নোয়াখালীর আপু বলেন কি
সিলেটি মাইনষে বুলে পড়ালেখা করইন না,সিলেটি মানুষে নাকি পড়ালেখা করেন না
লন্ডন গিয়া খালি এসি ডিসি হইন,লন্ডন গিয়ে শুধু এসি ডিসি হয়
হুনউক্কা,শুনেন
লন্ডন গিয়া সিলটি খালি এসি ডিসি না,লন্ডন গিয়ে সিলটি শুধু এসি ডিসি না
এসিটিএমও হইন,এসিটিএমও হয়ে থাকেন
এসিটিএম কিতা বুঝছইন নানি,এসিটিএম কি বুঝছেন নাকি
আনোয়ার চৌধুরী আর টমি মিয়া,আনোয়ার চৌধুরী আর টমি মিয়া
আইচ্ছা আফা,আচ্ছা আপু
আফনে আমারে একটা কথা কউক্কা চাইন,আপনি আমাকে একটা কথা বলেনতো
আফনার নোয়াখালী যদি পড়ালেখা,আপনার নোয়াখালী যদি পড়ালেখা
জ্ঞান-বিজ্ঞানে অত আগাইল থাকে,জ্ঞান-বিজ্ঞানে এত আগানো থাকে
তে আফনে নোয়াখালী থইয়া সিলেট কের লাগি আইছইন পড়ার লাগি,তাহলে আপনি নোয়াখালী রেখে সিলেট কিসের জন্য আসছেন পড়ার জন্য
এর উফরে আজকে ওলা সুন্দর সাজিগুজি আইছইন,এর উপর আজকে এমন সুন্দর সেজে আসছেন
বেফার কিতা আফনার,ব্যাপার কি আপনার
আফা মাইন্ড কইরলে,আপা মাইন্ড করলে
আবার সাইন করতে পারতানাই,আবার সাইন করতে পারবেননা
খালি আনোয়ার চৌধুরী আর টুমি মিয়াই নাই,খালি আনোয়ার চৌধুরী আর টুমি মিয়ায় না
অর্থমন্ত্রী সাইফুর রহমান,অর্থমন্ত্রী সাইফুর রহমান
অর্থমন্ত্রী সাঃ এম এইচ কিব্রিয়া,অর্থমন্ত্রী শাহঃ এম এইচ কিবরিয়া
স্পিকার হুমায়ুন রসিদ চৌধুরী,স্পিকার হুমায়ুন রশিদ চৌধুরী
নুরুল ইসলাম নাহিদ,নুরুল ইসলাম নাহিদ
সামাদ আজাদ,সামাদ আজাদ
সুরঞ্জিত সেনগুপ্ত হেরা হোগলের বাড়ীয়ো সিলোট,সুরন্জ্ঞিত সেনগুপ্ত এনাদের সকলের বাড়িই সিলেট
হের লাগিউ কইয়ার,এর জন্যই বলছি
ছিলোটিরা লেখাফড়া হেখায় না,সিলেটিরা লেখাপড়া শিখায় না
হাপ্নাদের নাগাল ননছিলোটিদ হোগলতারে লেখাফড়া হেখায়,আপনাদের মতো নন সিলেটিদের সবাইকে লেখাপড়া শিখায়
যে দেশের মাটিতো বোইয়া হাপ্নারা ছিল্লাইরা,যে দেশের মাটিতে বসে আপনারা চিল্লাচ্ছেন
অ আমার দ্যাশে আমোই স্যারা,যে আমার দেশে আমিই সেরা
ও দ্যাশ ছিলোটিরা না থাকলে স্বাধীনও হইলো নারে,ওই দেশ সিলেটিরা না থাকলে স্বাধীনই হতো না
য়্যারে আপ্নারে কইয়ার ওসমানী সাউবের কিতা পাউরে লিছেননি,এই যে আপনাকে বলছি ওসমানী সাহেবের কথা ভুলে গিয়েছেন নাকি
তাইনোর হোতা হূনলেও বাগে-মইষে য়্যাক ঘাটে পানি খাইছুন,তার কথা শুনলেও বাঘে মহিষে এক ঘাটে পানি খেয়েছে
এলা মানুষ আছেনি দু-একজন আপনারোর অবাইদি,এমন মানুষ আছে নাকি দুইএক জন আপনাদের ওদিকে
অহোন যারা খোমথায় আছুইন তারাও তো অর্ধেকও ছিলোটি,এখন যারা ক্ষমতায় আছেন তারাও তো অর্ধেক সিলেটি
সফি সামির,সফি সামির
সামিয়া রহমান,সামিয়া রহমান
ইফথেখার হোসেন চৌধুরী,ইফতেকার হোসেন চৌধুরী
সুহুর হোসেন হোই ছিলোটিরো মানুষ,সুকুর হোসেন এই সিলেটেরই মানুষ
আমাদের প্রধান উপদেষ্টার মনেও বড় দুক্ক আছিল তাইনোর বাড়ি ছিলোট নায়,আমাদের প্রধান উপদেষ্টার মনেও বড় দুঃখ ছিল তার বাড়ি সিলেট না
হের লাগিও তায় ছিলোট বিয়্যা কইরা তাইনোর মনের দুক্কডা একটু কমাইতে চাইছোন,এর জন্যই তিনি সিলেট বিয়ে করে তার মনের দুঃখটা একটি কমাতে চেয়েছেন
এরে তানারে দেখউক্কা,এইযে তাদেরকে দেখেন
আস্থা দ্যাশের অতো কলেজ ভার্সিটি থুইয়া আইয়া ভর্তি হইছুন ওনে শাহাজালাল ভার্সিটিত,সারা দেশের এতো কলেজ ভার্সিটি রেখে এসে ভর্তি হইছেন এইখানের শাহাজালাল ভার্সিটিতে
ক্যার লাগি জানুইননি,কিসের জন্য জানেন নাকি
আইবার সময় আব্বা-আম্মার পাড়া-প্রতিবেশীরে কইয়া আইতা,আসার সময় আব্বা-আম্মার পাড়া-প্রতিবেশীরে বলে আসবেন
দোয়া রাখিউন বাংলাদেশের লন্ডন যাইয়ার,দোয়া রাখবেন বাংলাদেশের লন্ডন যাচ্ছি
আর অনো আইয়া তানোর গলার জুর বারিয়া যায়,আর এখানে এসে তাদের গলার জোর বেড়ে যায়
তারা কইন কিতা,তারা বলেন কি
ও দ্যাশে বলে তারাও স্যারা,ও দেশে নাকি তারাই সেরা
এরে তানারে কইয়ার,এইযে আপনাদের বলছি
আছে নাকি দু- একটি শাহজালাল ভার্সিটির আপনারোর অবাইদি,আছে নাকি দু- একটি শাহজালাল ভার্সিটির আপনাদের ওইদিকে
ছিলোট নামে য্যালা লন্ডন,সিলেট নামে যেমন লন্ডন
কামেও ওলা লন্ডন,কাজেও এমন লন্ডন
ছিলোটের লন্ডনের হগলতে দ্যাশে টেকা পাঠাইয়া রেমিট্যান্স য্যালা বাড়াইরার,সিলেটের লন্ডনী এরাই দেশে টাকা পাঠিয়ে রেমিট্যান্স যেমন বাড়াচ্ছেন
ওলা দ্যাশের বাইরেও দ্যাশের নাম উজ্জ্বল কইরার,তেমনি দেশের বাইরেও দেশের নাম উজ্জ্বল  করছেন
আর নোয়াখালীর আফায় আইয়া,আর নোয়াখালীর আপায় এসে
তারিন টনি ডাইয়োস,তারিন টনি ডাইয়েস
আরও কিতা কিতির নাম কইয়া গ্যালা,আরও কি কি নাম বলে গেলেন
তারা বলে দেখতে খুব সুন্দর নায়ক-নাইকা,তারা নাকি দেখতে খুব সুন্দর নায়ক-নায়িকা
এরে আপনারে কইয়ার,এইযে আপনাকে বলছি
অহলে চাইয়া দেখুক্কা,এইযে এইখানে চেয়ে দেখেন
অহনে যারা আছুইন তারার চেয়ারা তারিন,এখানে যারা আছেন তাদের চেয়ারা তারিন
টনিডায়োস থাইকা কিতা কমনি,টনি ডায়েস থেকে কি কম নাকি
এর লাইগাইতো কই ছিলোটের ফোয়া- ফুরি,এর জন্যই বলি সিলেটের ছেলে-মেয়ে
নায়োক নাইকাদের থাইক্যা বাক্কা সুন্দর,নায়ক নায়িকাদের থেকে বেশি সুন্দর
এর লাইগাই আপনারে কইয়ার,এইজন্যই আপনাকে বলতেছি
বেশি বেশি ফটর ফটর করবায় না,বেশি বেশি বকবক করবেন না
আপনারোর বাড়ি নোয়াখালী,আপনাদের বাড়ি নোয়াখালী
আর নোয়াখালীর মানুষ ছিলেট পাচপয়সা হালি,আর নোয়াখালীর মানুষ সিলেট পাচপয়সা হালি
ঢাকাইয়ার মাত কিতা মাততাম কইনচান,ঢাকাইয়ার কথা কি বলব বলেনতো
ইতার আদোব-কায়দা কিতা আছেনি,এদের আদব-কায়দা কি আছে নাকি
তারা আব্বা-আম্মা,তারা আব্বা-আম্মা
বড়-ছুটো,বড়-ছুটো
ভাই- বোন  হোক্কলরে ডাকুইন হালা,ভাই- বোন  সবাইকে ডাকে হালা
কুনতা হইলেই কইন,কিছু হইলেই বলেন
আবে হালা কি কয়,আবে হালা কি কয়
তারা হকলেরে কইন হালা,তারা সবাইকে বলেন হালা
আর অহনে আইয়া কইন তারাই নাকি ভালা,আর এখানে এসে বলেন তারাই নাকি ভালো
ক্যারে আপনারে কইয়ার,এইযে আপনাকে বলছি
ছিলেট যখন আইছুন,সিলেট যখন আসছেন
কিছুদিন  থাকিয়া আর ছিলোটি মানষের সাথে মিশিয়া আদব-কায়দা একটু হিকিয়া যাইবা,কিছুদিন থেকে আর সিলেটি মানুষের সাথে মিশে আদব-কায়দা একটু শিখে যাবেন
ছিটাগাংগের ভাইয়া আইয়া কিতা কইলা,চিটাগাংগের ভাইয়া এসে কি বললেন
আচ্চা,আচ্ছা
ব্যান্ডোর শিল্পি ভালা আপনারোর অবাইদির,ব্যান্ডের শিল্পী ভালো আপনাদের ওইদিকেরই
গানতো ছিলোটোর,গানতো সিলেটের
ছিলোটোর আব্দুল করিম আর হাসন রাজায় যদি গান না বানথা,সিলেটের আব্দুল করিম আর হাসন রাজায় যদি গান না বাঁধতেন
আপ্নারোর ব্যান্ড সংগীতের প্যান্ট ভরলো নানে,আপনাদের ব্যান্ড সংগীতের প্যান্ট ভরতো না
আর অহন্তো ব্যান্ডোর যুগ নায়,আর এখনতো ব্যান্ডের যুগ না
অহনতো র্যাপ গানের যুগ,এখনতো র্যাপ গানের যুগ
ছিলোটি র্যাপ,সিলেটি র্যাপ
ও গান হুনছুন নানি,ও গান শুনছেন না
অইযে দুই- দুইটা গালফ্রেন্ড নইয়া ফরছি আমি ফান্দে,অইযে দুই- দুইটা গালফ্রেন্ড লইয়া ফরছি আমি ফান্দে
ও আরেকটা আছেননা তুমার মায় আমারে বালা পাইননা,ওই আরেকটা আছেনা তোমার মায় আমারে বালা পাইননা
ক্যারে ননছিলোটি হকলদেরো কইরাম তাইর মায় আপনারো ভালা পাইতানায়,এইযে ননসিলেটি সবাইকে বলছি  তার মা আপনাকে ভালো পাবেন না
খারন তারা জাইনে বুচ্ছননি আপনারা হল ফোরটুয়েন্টি,কারণ তারা জানে বুঝছেন নাকি আপনারা হলেন ফোরটুয়েন্টি
তায়ের মায় কারে ভালা পাইবো জানুইননি,তার মা কাকে ভালো পাবে জানেন নাকি
হো ছিলোটি ফোয়ারে,হ্যাঁ সিলেটি ছেলেকে
নোয়াখালীর আফায় আইরা আলামিনোর বিস্কুট আর গরুমার্কা ডেউটিনের বড় বড় গপ দিয়া গ্যালা,নোয়াখালীর আপা এসে আলামিনোর বিস্কুট আর গরুমার্কা ডেউটিনের বড় বড় গল্প দিয়ে গেলেন
হুনোউক্কা ভায়েরা আজকর সুন্দর বসন্তর দিনো আফনারা বিস্কুট আর টিনোর গপ শুনতে আইছইননি,বলেন তো ভাইয়েরা আজকের সুন্দর বসন্তের দিনে আপনারা বিস্কুট আর টিনের গল্প শুনতে এসেছেনকি?
এর লাগি তো কয় নোয়াখালীর মানুষ টিন জ্যালা গরুমার্কা মানুষ ও তয় গরুমার্কা,এর জন্যই বলে নোয়াখালীর মানুষ টিন যেমন গরুমার্কা মানুষ ও তেমন গরুমার্কা
আর বরিশালের মাত কিতা মাত্তাম..ভাই সাবেরা হুনোউক্কা,আর বরিশালের কথা কি বলব!! ভাই সাহেবরা শুনেন
আইতে শাল যাইতে শাল আর আচে খালি ঠোকাঠুকির তাল,আসতে শাল যেতে শাল আর আছে খালি ঠকাঠকির তাল
ও ওইলো বরিশাল,এই হলো বরিশাল
এর লাগিউ কয় আই আজকর যতুন নন সিলোটি আয়চুন বুইচ্চুননি এরা সিলোটের বালা কোনতা কইত্তা নাই,এর জন্য বলছি আমি আজকে যত ননসিলেটি এসেছে বুঝেছেন এরা সিলেটেরর ভালো কিছু বলবেনা
সিলোটের মাইনষের চেয়ারা,সিলেটেরর মানুষের চেহারা
ছবি,ছবি
ট্যাকা,টাকা
পয়সা,পয়সা
শুক,সুখ
শান্তি দেইকখ্যা তারার গা তুষের আগুনের লাহান জ্বলে,শান্তি দেখে তাদের গা তুষের আগুনের মতো জ্বলে
কিন্তু হাচা যেখান এতা কেউ আটকায় রাখতে পারতো নাই,কিন্তু সত্যি যেটা এটা কেউ আটকিয়ে রাখতে পারবেনা
এর লাগি তো বাংলাদ্যাশে যতদিন চা থাইকবো,এর জন্যই তো বাংলাদেশে যতদিন চা থাকবে
মাধবকুণ্ড থাইকবো,মাধবকুণ্ড থাকবে
শাজালাল এর দর্গা থাইইকবো ততদিন মাইনষে চা খাইয়া,আর শাহজালার এর দর্গা থাকবে ততদিন মানুষে চা খেয়ে
ঝর্ণা দেকি আর মাজার জিয়ারত করিয়া একটা কতায় কইবো,ঝর্ণা দেখে আর মাজার জিয়ারত করে একটা কথায় বলবে
সিলোটই স্যারা সিলোটই স্যারা,সিলেটই সেরা সিলেটই সেরা
দইন্যবাদ,ধন্যবাদ
আফনেও কিতা ভিত্রে ভিত্রে ওউ এসি ডিসি ধরিয়া লন্ডন যাইবার তালো আছইন নি,আপনিও কি ভিতরে ভিতরে এই এসি ডিসি ধরে লন্ডন যাওয়ার তালে আছেন নাকি
বেটার জ্যালা মুচ ওলা বুচ,লোকের যেমন মোচ তেমন বুঝ
অহোন আপনার দ্যাশের বর্তমান অবস্থাত,এখন আসেন দেশের বর্তমান অবস্থায়
ও ব্যান্ডের হকল শিল্পী নাকি তারারওবায়দির,ব্যান্ডের সকল শিল্পী নাকি তাদের ওইদিকে
ও য্যাতা গান গাইয়া ননছিলোটিরা নাছুইন,ওই যেসব গান গাইয়া ননসিলেটিরা নাচেন
আইজ খে খে গোসল খরছো,আজ কে কে গোসল করেছো
যেই মাঘ মাইয়্যা শীত পরছে,মাঘ মাসের যে শীত পড়েছে
গোসল করবায় ঠান্ডা লাগিজাইবো,গোসল করলে ঠান্ডা লেগে যাবে
পারফিউম মাখি মাখি চলিযাও,পারফিউম মেখে মেখে চলে যাও
শরমের কুছতা নাই,লজ্জার কিছু নেই
ঘুমাই যাও ঠিকতো নায়,ঘুমিয়ে যাও টিকবেনা
কুসতা খায়বায়নি,কিছু কি খাবে
যা মন চায় কউক্কা আমি কুছতা কইতামনা,যা মন চায় বলো আমি কিছু বলবোনা
গাইল দাঁত,চর্বণ দাঁত
গাইড়া,দুশ্চরিত্র
গাউ,গ্রাম
গাউছালি,গ্রামের মানুষ
গাউয়ালার মানু,গ্রামের মানুষ
গাউয়ালি,গ্রামের মানুষ
গাছা,বাতি রাখার উচুস্থান
গাছি,গাছ কাটার লোক
গাছুয়া,গাছে চড়ে যে
গাটির ধান,নিজস্ব সম্পদ
গাট্টা,মোটা
গাট্টামিয়ে,গুয়ারতুমি
গাট্টি,বোঁচকা
গাত,গর্ত
গাতঘুত,গরতাদি
গাতজুর,শরীরে শক্তি
গাতর,গর্তের
গাতা,গর্ত
গাতি,গর্ত
গাতো,গরতে
গাতো হামাই,গরতে প্রবেশ করে
গাদ,ময়লা
গাদলা,বাদলা
গা-দুমা,সর্দি জ্বর
গানজা গানজি,ঠাসাঠাসি
গানডুশ,অপদার্থ
গান্দুরি গুয়া,পচানো সুপারি
গানডু,বদলোক
গাফিল,গাফেল
গাবর,বর্বর
গাবড়া,নোংরা
গাভ,শাড়ি
গাভিন,গর্ভবতী
গাভুর,জোয়ান
গামাই,বৃক্ষ বিশেষ
গামাউছি,ঘামাচি
গামুরাদি,শরীর নেড়ে
গায়বি মাল,দৈব ধন
গায়রত,ধ্বংস
গার,গায়েব
গারখাই,গভীর গর্ত
গারি,মোটা
গালক,গলানো
গালতি,ভুল
গাল পুলানি,অভিমান করা
গালা,নিকট
গালুক গুলুক,হৃষ্ট পুষ্ট
গালাবায়,পার্শ্ব দিয়ে
গাড়ল,গাড়োয়ান
গাড়িয়া,দুশ্চরিত্র
গাড়ুয়াল,গরুগারি চালক
গাং,নদী
গিঞ্জুয়াল,গায়ক
গিত,গীতিকা
গিবত,বদনাম
গিয়া,গিয়ে
গিয়াছ,গৃৃহস্থ
গিয়ানী,জ্ঞানী
গিয়াহারি,যাওয়ার পর
গিরগিরাইয়া,থরথর করে
গিরছ,গৃৃহস্থ
গিরতাইন,গৃৃৃহিণী
গিরতাইন আনা,গৃহিণীপনা
গিরদা,উপকণ্ঠ
গিরধনী,শুকুনি
গিরমানি,অহংকার
গিরমিট,সিদ্ধান্ত
গিরস্তি,গৃহস্থালি
গিরানী,বিদ্রূপ করা
গিরি,পর্বত
গিরিপত,করাগত
গিরিপ্তার,গ্রেফতার
গিরো,গিঁট
গিরোবাস,গৃহ বাস
গিলটি,কৃত্রিম
গিলফি,ঠাট্টা
গিলাফ,চাদর
গুইট,পাল
গুইল হাপ,গুইসাপ
গুইয়া,গুপ্তচর
গুইড়ানি,গোড়ার দিক
গুগাইল,ছোট শামুক
গুচলাত,গোহাল
গুছ,গোশত
গুছল,গোসল
গুছলা,গোশালা
গুছা,রাগ
গুছারি,পায়ের গোছা
গুছি,বিশখানা পান
গুছিকাটা,রগকাটা
গুজরানি,অতিবাহিত করা
গুজা,কুঁজো
গুজুনী,কুঁজো
গুট গুট লেখা,পরিচ্ছন্নভাবে লেখা
গু্টটা মারছে,খেলায় জয়লাভ
গুটলি,গিরা
গুটা,গোটা
গুটি রুগ,বসন্ত রোগ
গুতগুতা,হৃৃষ্ট পুষ্ট
গুতাম,বোতাম
গুতি মারা,আত্মগোপন করা
গুতে,গোত্রে
গুথমা,মোটা
গুথমাইল,মোটাসোটা
গুথুইমা,বেটে মোটাসোটা
গুদা,শ্বাস
গুদা্রাগাট,ফেরি নৌকার ঘাট
গুধু,কোল
গুন,নৌকার গুন
গুনযাইশ,রহস্য
গুনারু,নৌকা্র গুনটানার লোক
গুনিন,যাদুটোনার কবিরাজ
গুপ্তে,গোপনে
গুপর,গোবরে
গুপরর গাত,গোবর মাখার গর্ত
গুফি,গোপী
গুম,স্তব্ধ
গুমতি,নৌকার চাল
গুমা,রাগ
গুমাই,ঘুমাই
গুমাঝড়ি,বর্ষণ
গুমান,অহংকার
গুয়া,সুপারি
গুয়াইল,গোয়ালা
গুয়ামুড়ি,মিষ্টি জিরা
গুয়ামুুড়ি আসি,ঈষৎ মিষ্টি হাসি
গুয়াল,গোয়াল
গুয়াল মাছ,বোয়াল মাছ
গুরকি,ছিনাল
গুরদা,হৃৎপিণ্ড
গুরদাআলা,শক্তিমান
গুরদাবাজ,সাহসী
গুরমাই,নপুংশক
গুরি গাইয়া,খেদোক্তি করা
গুরিয়ানা,ফরসা
গুরিস,ঈর্ষা ভাব
গুরুছতান,কবরস্থান
গুরুরি,অহংকার
গুরো,গোষ্ঠী
গুরোয়,গোত্রে
গুল মারা,অসম্ভব গল্প করা
গুলমুল,গোলাকার
গুলাম,গোলাম
গুষ্ঠি,গোষ্ঠী
গুষ্ঠি পাড়া,আত্মীয়স্বজন
গুড়ানালা,দোনলা
গুড়ি,গাছের গোড়া
গুংগা,গুম মেরে বসে থাকে এমন পুরুষ
গেউর,শ্যাওলা
গেওইর,শ্যাওলা
গেচে,নিকটে
গেছইন,গেছেন
গেছইনগি,চলে গেছেন
গেছতো,নিকট হতে
গেছলায়,গিয়েছিল
গেছলায়নি,গিয়েছিিল নাকি
গেছেকাইল,গতকাল
গেদা,ছোট শিশু
গেরগেরি,বকাবকি
গেরা,কম বয়সী
গেরাফি,নোঙর
গেলা,গেলেন
গেলগি,চলে গেল
গেলগি্নি,চলে গেল নাকি
গেলাগি,চলে গেলেন
গইরব,গৌরব
গোফা,ডেরা
গোর,কবর
গোরা,ফরসা
গোরান,গোচর ভূমি
গোলা,বন্যা
গোসা,ক্রোধ
ঘইয়া ঘইয়া,ধীরে ধীরে
ঘইরা,ঘষে
ঘচাইল,খোলা
ঘর করা,সংসার করা
ঘরকুন্দা,ঘরকানা
ঘরগিরতাইন,গৃহিণী
ঘরনী,গৃহিণী
ঘরবয়টি,অচল
ঘরবেঙ্গা,কূপমণ্ডূক
ঘরর,ঘরের
ঘরান,ঘ্রাণ
ঘরিবাদে,ঘন্টাখানেক পর
ঘসাইয়া,ঘষে
ঘসাইয়া পিসাইয়া,ঘষে-মেজে
ঘা,দশটি সুপারিতে এক ঘা
ঘাই,কেন্দ্র
ঘিন,ঘৃণা
ঘিনকারী মাত,তাচ্ছিল্যের কথা
ঘিন্না,ঘৃণা
ঘিন্নাইল,ঘৃণা করা
ঘিন্নে,ঘৃণা করে
ঘিরকিনি,দাঁত কিরমির
ঘিরানি,টিটকারী
ঘুংগইর,চিৎকার
ঘুংগিত,কাঁধে
ঘুংরাও,গোঙ্গাও
ঘুনাগাছি,ফিসফিসানি
ঘুনে,চিন্তায়
ঘুমতো,ঘুম থেকে
ঘুমাইলা,ঘুমালেন
ঘুমাইলো,ঘুমালেো
ঘুরছি,ঘুরেছি
ঘুরে ঘুরে,গোপনেে
ঘুড়া,ঘোড়া
ঘুরে,ঘোরে
ঘুড়িয়া,ঘোড়া
ঘেটু,ছেলে দিয়ে গান করানো
ঘেসাঘেসি,বিবাদ
চং,চণ্ডাল
চংগ বংগ,ছলাকলা
চংগল,শিকারি
চইটপিট,ছটফট
চইত,চৈত্র
চইন,শান্তি
চইনা না পরা,স্বস্তি না পাওয়া
চউকান,মই
চউকা্ম,মই
চউখ,চোখ
চউখ দেওয়া,কুঁদৃষ্টি দেওয়া
চউখ ফাকড়াইয়া,চোখ রাঙিয়ে
চউখুট,চারকোনা
চউদদা,পরিচয়
চউদদগরি,পূর্বপুরুষ
চউদিক,চারদিক
চউপাঠ,চৌকাঠ
চউমনা,চৌমুহনী
চওড়া,সাপুড়ে
চকচুকিয়ে,উৎসাহে
চক্কলে,কৌশলে
চকর,প্রজাপতি
চকাইট,বড়শির ফাতনা
চকোর কালি,দুষ্টামি
চখ,ক্ষেত
চখুর পাতা,চোখের পাতা
চগবগ,চালাক
চটই,চড়ুইপাখি
চটকনা,থাপ্পড়
চটকা,কোনকিছুর সামান্য অংশ
চট্টারি,ফস করে
চটটিবাবু,প্রবঞ্চক
চটলা,চালাক
চট লাগা,একত্রে মিশে যাওয়া
চটি,বাঁশের টুকরা
চটোপড়ি,বিপাকে পড়ে
চততির,চৈত্র্র
চদা,বোকা
চদু,বোকা
চধরি,চৌধুরী
চনচনা,চালাক
চন চন করা,টন টন করা
চন্দনি,চাঁদের আলো
চন্না,কপাল
চন্নি,চাঁদের আলো
চন্নির পরে,চন্দ্রালোকে
চপাততি,জ্লদি
চপপারি,তাড়াতাড়ি
চবুতারা,চউচাল ঘর
চমচমা,পরিপূর্ণ
চমচমি,ঐশ্বর্যের প্রাচুর্য
চয়া,চষা
চরচরা,শুকুনা
চরচরি,একপ্রকার ছোট কীট
চরা,মাঠ
চরাচরি,পরস্পর চপেটাঘাত
চরাট,নৌকাতে মাঝি কসবার তক্তা
চরিফিরি,ঘুরে ফিরে
চরুংগি,ঘূর্ণিপাক
চল,প্রচলন
চলইয়া,যে দেশ বিদেশে যায়
চলচালা,যাত্রা
চলতি,আলগা উনুন
চলম,পট্টি
চলা মুখ,রান্নাঘর
চশমা পানি,ঘা
চা,চাষা
চাৎ,মাচান
চাং,মাচান
চাংগা,মোটাসোটা
চাংথনে,মাচান
চাংরা,চলন্ত মাচান
চাই,ছোট ফোড়া বিশেষ
চাইত,তারিখ
চাইন,চাল হতে ধান পৃথক করার উপকরণ
চাইন চুইন,হৃষ্ট পুষ্ট
চাইয়া,চেয়ে
চাইর চন্নি,চারদিক
চাইয়া চিতিয়া,দেখে শুনে
চাইর চোখে,সামনাসামনি
চাইরটা,সামান্য
চাইরোবায়,চারদিকে
চাইরোমুখা,চারদিকে
চাইরো মযর,চার মাজহাবের ইমামের মত
চাইর চইয়া,চারবার চাষ করা হয়েছে এমন
চাইল,বাঁশে্র ভেলা
চাইল টাইল,চাল ডাল
চাউংরা,মাছের ভার
চাউর,একজাতীয় মাছ
চাওয়াও,দেখাও
চাক,বাসা
চাককা মারা,শক্তিশালী
চাক্কা,চাকা
চাকা,স্বাদ গ্রহণ করা
চাকারি,দলা
চাচ,বাশ বেতের চাটাই
চাচিয়া,চেটে
চাটা,প্রদীপ
চাটাবাটার,পিরীতের
চাটি,চাটাই
চাটুয়া,একপ্র্রকার জলজ পোকা
চাটুর চুটুর,অস্থিরতা
চাটটা মিঠা,নাশতা বিশেষ
চাড্ডা,মতিগতি
চাতল,ধান মাড়াইবার স্থান
চাদ্দর,চাঁদর
চানইয়ানি,চাল হতেে ধান পৃথকীকরণ
চানখাট,চেপ্টা
চানচরা,চামচিকা
চানদর,ঘরের চালার এক কিনারের অংশ
চানদর ঠারে,অনুমানে
চানদা,বেশ
চান্দ,চাঁদ
চান্দো,চাঁদে
চাননারি,চাকা
চান্নিপর,চাঁদনি
চানি,ছনের ছাউনি
চাপি,চাপ দেয়া
চাপ মাটি,মাটি চাপা
চাববুয়া,চোয়াল
চাবা,মাড়ি
চাম,কীট বিশেষ
চাম উকইন,যে উকুন চামড়ায় হয়
চামচারা,চামচিকা
চামপাতলা,পাতলা খোসাযুক্ত
চামরা,পায়ের তলার রোগ বিশেষ
চাম শিংগাল,লম্বা শিং বিশিষ্ট
চার,মাচান
চারখানা,চৌক ছিটের কাপড়
চারচুর,কঠিন আবরণ
চারনি,নীরস
চারা,মাটি্র হাড়ি পাতিলের ভগ্নাংশ
চাড়াল,চণ্ডাল
চারুয়া,নীরস
চালত নাই,ঘরের চালে নাই
চাললা,ঘাস বিশেষ
চালাইয়া,চালিয়ে
চালাউরা,চালক
চালা চককর,চাল চলন
চালি,বাঁশের ভেলা
চালুন কাটা,মিষ্টি খাদ্য বিশেষ
চাসনি,কাঁগজি লেবু হতে লম্বা ও আকারে বড় লেবু
চাসা,কাঠ অ বাঁশকে পালিশ করা
চাসাচুলা,রসকষহীন
চাড়া,আঘাত
চি,শিশুদের প্রস্রাব করানোর সংকেত
চিংরাই,জ্লজ উদ্ভিদ
চিকা,ইঁদুর
চিক,চিৎকার
চিককা,হালকা
চিকরা বিকরা,চিৎকার
চিকলা মাটি,এঁটেল মাটি
চিখইর,খেলা বিশেষ
চিখচিকা,চিহ্নিত
চিচবো,ছিঃ ছিঃ
চিটরাব,তামাক মলার গুড়
চিতরা,বিচিত্র
চিতরা ফাকরা,বহু বর্ণ বিশিষ্ট
চিতরি,ভেজা কাপরের কালো দাগ
চিনকারি,চিহ্ন
চিনা,ধান জাতীয় একপ্রকার শস্য
চিনাত,পরিচয়
চিনার,কাঁকুড় ফুল
চিনি পান,বিবাহের কথাবারতার প্রাথমিক অনুষ্ঠান
চিপ,কাঠের টুকরা
চিপনি,লন্ঠনের কাঁচ
চিপা,নিংরানো
চিপাচিপি,অপ্রশস্ত
চিমচিমি,একটু একটু
চিমটি,মুষ্টি
চিমাই,চাইয়ের একটি অংশ
চিমাই চিমাই,ইঁতস্তত করা
চিমাওয়া,সামান্য বাহ্য করে যে
চিমানো,একটুু একটু করে নিঃসৃত হওয়া
চিমুচিমু,চিনচিন ব্যথা
চিয়া,ঢেকির মুঘল
চিয়াইর,চিৎকা্র
চিয,অলংকার
চিযসবিল,জিনিসপত্র
চির কথা,বদনাম
চিরকা,ছিপছিপে
চিরকা চিরকা,ক্ষীণকায়
চিরকা কুটা,এক সঙ্গে কলহ
চিরকার,পৃথকরূপে বিভক্ত
চিরফাটা,সামান্য ফাটল
চিরাচিরি,পরস্পর উপহাস
চিরানি,ঠাট্টা
চিরাফারা,ছেঁড়া
চিরি,জমি
চিরিবান্ধা,পরস্পর
চিলকা,ছিলকা
চিললা,খণ্ড টুকরা
চিললা পাসলা,ছিন্ন বিচ্ছিন্ন
চিলিক পারা,ঝিকমিক করা
চিলিম,খড়িকা
চিলিমচি,পিকদানি
চিস,বেহায়া
চিসিংগা,তরকারি বিশেষ
চিড়াচিড়ি,বংশানুক্রমে
চিড়ি,বংশানুক্রমে
চু,কুকুর তাড়ানোর শব্দ
চুংগাচিলা,নীচমনা
চুইংগিয়া,মাছ ধরার জন্য ব্যবহৃত বাঁশের শলাকা
চুই,চুষি
চুইতমারা,লোকানো
চুইয়া,চুষে
চুক,রাগ
চুক কইলে,রাগ করলে
চুকচুকি,তেজ
চুকল,খোলস
চুকলকুরি,একের কথা অন্যের নিকট বলা
চুকা,ধারালো
চুকাচুকি,সংকোচ
চুকান,গ্রাহ্য করা
চুকানি,কাগজ বা বেড়া ছিদ্র করার শলাকা
চুকুমচাকুম,রাগ
চুকুমবুদাই,বোকা
চুকুর মুকুর,ছোটখাট
চুগ,কাণ্ড
চুচা,সারহীন শস্য
চুট,আঘাত
চুটি,বিশেষ ধরনের পাটি
চুটকি মারা,টক লাগা
চুটটা,যার কথার ঠিক নাই
চুটটামি,দুষ্টামি
চুটপাট,রাগারাগি
চুটমুট,যৎকিঞ্চিত
চুটলাগা,রোগ হওয়া
চুত্তরানি,ইতরামি
চুতিয়া,গালি বিশেষ
চুদাউরি,পরপুরুষ গ্রহণকারিনী
চুদুবুুদু করা,দেরি
চুদুম,অলস
চুদুম দেওয়া,ঠকানো
চুদুর বুদুর,বাড়াবাড়ি
চুনচুন,চূর্ণ-বিচূর্ণ
চুননু,ছোট
চুনিয়া,ধান মারার পাত্রবিশেষ
চুনিয়া কথা বলা,হিসেব করে কথা বলা
চুপচুপ করা,চূর্ণ-বিচূর্ণ করা
চুপা,ক্রোধ
চুবা,ডুবুডুবু
চুবাই চুটকি,ঠাট্টা মশকরা
চুবাকাটি,ফাৎনা
চুয়ন চায়ন,হাড় ও মাংসের ছোট ছোট টুকরা
চুয়া,চোষা
চুয়ান,নিঃসরণ
চুরন,ধান ইত্যাদি ছিড়ে নেওয়া
চুরন চারন,নীচুমানের মাংস
চুরি চামারি,ধুর্তামি
চুরি ধাউরি,ঠকানো
চুরুততরি,তাড়াতাড়ি
চুরুত্তি,তাড়াতাড়ি
চুরুতদি,তাড়াতাড়ি
চুলা হিতান,চুলার শিয়র
চেংগা,কর্মঠ
চেংগা গাট,জড়সড়
চেংগানো,আটকা পড়া
চেংটা,তুচ্ছ
চেংপিসলা,নাছোরবান্দা
চেউ,মুরগির বাচ্চার ডাক
চেউমেউ,কোলাহল
চেওরাট,বর্ষা
চেকমেকানি,উদ্ধতভাব
চেকরেকা পর,সামান্য আলো
চেখা,পিছন দিকে বাঁকা
চেখারেখা,স্যাতঁস্যাঁতে
চেখিরেখি,দুইদিনের জাঁকজমক
চেগ,পাহাড়ের মধ্যভাগের উর্বর সমতল ক্ষেত্র
চেগাই চেগাই,মাজা বাঁকিয়ে
চেগাইথা,নির্বাক হয়ে
চেগাইয়া,স্তম্ভিত হয়ে
চেগা হওয়া,মাঝখানে বেঁকে  যাওয়া
চেগারানো,জড়ানো
চেচ,বিড়াল তাড়ানোর শব্দ
চেচানি,চিৎকার
চেচুর মেচুর,পুত্র কন্যাদি
চেচে কেরা,যণ্ত্রনায় চিৎকার করা
চেটা,নিষ্কর্মা
চেটাচেটি,বাজে বলা বা করা
চেটি,অসতী
চেত,চেতনা
চেত করা,দাগ দেয়ার শব্দ
চেত চইতন,প্রাণের সাড়া
চেতবেত,চেতনাশক্তি
চেতমেত করা,মাছ ডিম ইত্যাদি ভাজা
চেত লাগা,রাগে উত্তেজিত হওয়া
চেতা,সতেজ হওয়া
চেদাবেদা,অলস
চেন,পুংলিঙ্গ
চেনচেনানি,অনধিকার চর্চা
চেনা,পশুর মূত্র
চেনাইয়া,প্রস্রাব করে
চেনেপেলে,সবকিছু
চেপচেপা,অল্প ভেজা
চেপার চেপার,শব্দ বিশেষ
চেবেললান,কথায় কথায় গালি দেওয়া
চেবেললামি,বোকাামি
চেমটা,শুকনা
চেমরাউনি,ভেজা ভেজা
চেমা,ভেজা
চেমাইনদার,নিষ্কর্মা পরহেজগার
চেরচেরাইয়া,চটপট করে
চেরব,চর্বি
চেরবেরা,কর্কশ ভাষী
চেরমেটা,অতিক্ষুদ্র পোকা
চেরা,চেহারা
চেরাচেপটা,বিশৃঙ্খলা
চেরাছবি,চেহারা
চেরাততি,ক্ষিপ্ত হস্তে
চেরার,চেহারার
চেরেম চেরেম,চপলতা
চেলডান,শেষ করা
চেলাকটি,মাছ বিশেষ
চেলাকোটি,পাখি বিশেষ
চেহেত,স্বাস্থ্য
চোক,রাগ
চোখচাকি,তর্জন গর্জন
চোটমুট,কোন রকমে
চোপরা,মাছ রাখার পাত্র
চোস,বদমায়েশ
চোসামি,শঠতা
ছইতেমরা,লজ্জাবতী
ছইবায়,স্পর্শ করবে
ছফরি,ধাত্রী
ছওয়ায়,ব্যতীত
ছকরাত,মৃত্যু যন্ত্রণা
ছটা,ছড়ি
ছটিছিলা,আঁতুড় ঘর হতে বের হওয়ার উৎসব
ছতোবতো,ব্যতিব্যস্ত
ছদরোর আলা,সর্বশ্রেষ্ঠ
ছদুবুধু,দিশাহারা
ছন্নে ছাতু,ছিন্ন ভিন্ন
ছবট,আবেশ
ছবতা,সবকিছু
ছবতাত,সবকিছুতেই
ছমাছার,সংবাদ
ছরক,রাস্তা
ছরকাত,মৃত্যু  যন্ত্রতা
ছরতা,যাঁতি
ছরফরা,চঞ্চল
ছরাইয়া মরাইয়া,পা মেলে
ছরি,শিস
ছরু,ছোট
ছলম,শ্বেত রোগ
ছলা,রাগ করা
ছলি,উত্তেজনা
ছলিল,রাগ করিল
ছলো,জুড়ি
ছয়,উপায়
ছয় ছন্নি,পঞ্চম সুরে
ছয়লানি,জলক্রীড়া
ছয়াল তুলি,প্রশ্ন তুলে
ছহিদা,সেজদা
ছড়ি,ছড়া
ছাউলিয়া পুয়া,বার্তাবাহক
ছাওয়া,ছায়া
ছাছি,চালের পানি পরার স্থান
ছাট্টা,প্রভাব
ছাটিছে,মেরে ফেলেছে
ছাতানী,কষ্ট দেওয়া
ছানি,ছাউনি
ছাপর,নিচু
ছাপ্পর,ছাদ
ছাফ,পরিষ্কার
ছাফছফা,পরিষ্কার
ছাফছুতরা,পরিষ্কার
ছাব,সাহেব
ছাবন,সাবান
ছাব্বা,ছাপ মারা
ছাবোল,শিশু
ছাবোর বন্দ,কারিগর
ছামনে,সামনে
ছার,চাপ
ছারবায়,ছাড়বে
ছালন,তরকা্রি
ছালামি,নিয়ম
ছালি,ছাই
ছায়বানী,শাশুড়ি
ছাড়া,মেজাজ
ছিতরাইয়া,এলোমেলো করে
ছিতরিয়া বিতরিয়া,বিচ্ছুরিত হয়ে
ছিকইন,মাটির সরার হাতলের অংশ
ছিক দিয়া,শিস দিয়ে
ছিক মারা,টান মারা
ছিটকারি,ছিটকিনি
ছিত্তম,কষ্ট
ছিনান,স্নান
ছিপ,চামচ
ছিপাই,সেপাই
ছিবাছুরত,চেহারার নমুনা
ছিরমিট,সিমেন্ট
ছিরানাত,মাথায়
ছিলায়,ছিলে
ছিংগল,বেত
ছিংলা,বাঁশের টুকরো
ছুখতে,গোপনে
ছুফা,রাগ
ছুবার,ঝোপের
ছুরতা,যাঁতি
ছুররায়,ছাল ফেলে
ছুলফা ছালফা,পরিপাটি
ছুলায়,ছিলে
ছুলে,আপোস
ছুলি ছালি,ছাল খুলে
ছুয়াব,সওয়াব
ছুয়াল,প্রশ্ন
ছুয়াল জুয়াফ,জিজ্ঞাসাবাদ
ছেইছ,"বারান্দার নিচের অংশ
"
ছেওয়া,ছায়া
ছেচ,কোন মায়া
ছেদ,কোপ
ছেদা,ছিদ্র
ছেনি,ডালা
ছেপ,থু থু
ছেবা,ছায়া
ছেমটা,সামলানো
ছেমটাত,সানলানোতে
ছেমটিলা,সামলা্লেন
ছেমা,ছায়া
ছেরাবেরা,এলো্মেলো
ছৈদ,সৈয়দা
ছোলা,ছোবড়া
জংলায়,জংলেতে
জইঠ মাস,জ্যৈষ্ঠ মাস
জউতি,জউতিষী
জউদিয়ে,বারবার বলায়
জউরাই,বীরত্ব
জকড়ি-মকড়ি,লতাপাতা
জকান্দানি,প্রাণহরণ
জখা,যক্ষ্মা
জজবা,জৌলুস
জতোতা,যতগুলো
জথা,যাঁহা
জনমর,জীবনের
জপোমীন,জপতে থাকা
জব,জবাই
জবতর,যখন
জবর,প্রবল
জবানা,জমানা
জবুনা,জমুনা
জর,বিষ
জরুল,প্রয়োজন
জরিতা,জরা
জয়মো,যশ
জলই,পেরেক
জলদি,শীঘ্র
জলদিনা,শীঘ্র
জসীর,জায়গির
জড়ি,গাছের শিকড়
জড়ি দুককা,শিকড় দুই গাছা
জাইগল,ছোট নয়
জাইরা,প্রকাশ্যে
জাইরা জাইরি,প্রকাশ্যে
জাইল,জাহেল
জাইন যে,যাবেন
জাউকা,যান
জাকান্দানি,প্রাণহরণ
জাখর,জষর
জাগল,হৃষ্ট পুষ্ট
জাগা,জায়গা
জাগা নাই,জায়গা নেই
জাংগাল,সড়ক
জাজ,জাহাজ
জাজিয়া,জাহাজে চাকুরে
জাত বেজাত,অনেক রকম
জাতমথ,বংশ মর্যাদা
জাতা,চাপ
জাতার নির্বিশ,চাপে চুরমার
জাতি,চাপ দিয়ে
জাতিয়ালা,বংশ গৌরব
জাতিয়ালা কম,বংশ গৌরব কম
জাতে আঢ়ে,বংশের গৌরবে
জান,প্রাণ
জানতর,প্রাণে স্বস্তি বোধ
জানুপাড়ি,হাটু গেঁড়ে
জানে মারা,হত্যা করা
জানোনানি,জানো না নাকি
জানোর,প্রাণের
জাবড়ি,চেপে
জামির,লেবু
জায়জিগির,টা্টকা
জারমনি,কচুরিপানা
জারা,সহ্য করা
জারিলা,হজম কর
জারিলাও,হজম করে ফেল
জারিলাইতাম,হজম করে ফে্লতাম
জারিয়া,চলমান
জারেজার,টগমগ
জালাউরা,জ্বালানোর লোক
জালি,চালকুমড়া
জাহির জিকির,সামনাসামনি
জাড়,শীত
জাড়ে,শীতে
জি অয়,জী হ্যাঁ
জিক,জেদ
জিকাইলা,জিজ্ঞেস করলেন
জিকানিয়ে,জিজ্ঞাসায়
জিকার করি,জিজ্ঞেস করে
জিকারতা,জিজ্ঞেস
জিকারে,জিজ্ঞেস  করে
জিকায়,জিজ্ঞেস করে
জিগর,ক্ষমতা
জিগার-পুচার,খবর নেওয়া
জিতক,জয় লাভ করুক
জিত্তল,জীবিত
জিত্তা,জীবিত
জিতা,জয়লাভ
জিতি,জয় করা
জিতিছি,জয় করেছি
জিতিত,জয়লাাভ করতো
জিতিলাইছি,জয় করেছি
জিতুক,জয়লাভ করুক
জিদ,জেদ
জিনজির,শিকল
জিন্দেগানী,জীবন
জিন্তিবাইজ,জিতের দাও
জিনিপুক,জোনাকি
জিপরা,জিহ্বা
জিপরাত,জিহ্বা্বায়
জিব,জিহ্বা
জিবরা,জিহ্বা
জিমু,জীবিত থাকব
জির,কেঁচো
জিরান,বিশ্রাম
জিলকি,বিদ্যুৎ চমকানো
জিলকি,খিড়কি
জিলকির ছেওটে,বিদ্যুৎ বেগে
জিয়ন্তে,জীবিত অবস্থায়
জিয়াখান খাটিল,ঠোঁট বন্ধ করল
জিয়াফত,দাওয়াত
জুই,জো
জুইত,জুতসহ
জুইত ফাগা,ঠিকঠাক
জুকিপকি হাপ,কীটপতঙ্গ সাপ
জুখ,জোঁক
জুংগি,বাঁশে্র তৈরি ধান রাখার পাত্র
জুনিপুক,জোনাকি পোকা
জুয়াইয়া দিলা,বলে দিলেন
জুয়ান,জোয়ান
জুয়ান ধাক্কা,পূর্ণ যৌবনপ্রাপ্ত
জুয়ান্তি,যৌবন
জুয়াফ,জবা্ব
জুড়িন্দা,জোড়াবন্দ নৌকা
জেওরাত,অলংকার
জেজাম,কুষ্ঠ রোগ
জেঝ,যৌতুক
জেব,পকেট
জের,বশীভূত
জেরনায়,কম নয়
জেরবার,পরাজয়
জেলান,যে রকম
জোগাড় দেয়া,উলুধ্বনি দেওয়া
জোড়আত,জোড় হাত
ঝুড়ি,মুষলধারে বৃষ্টিপাত
ঝানু,বিজ্ঞ
ঝিবায়,যেভাবে
ঝিয়াই,মেয়ে
ঝিয়ারি,মেয়ে
ঝিলা,যেরূপে
ঝুপরা,ডাল ঘুটনি
ঝুমা,উপর্যুপরি
ঝুলি খেতা,ছিঁড়া কাথা
ঝেলা,স্ত্রী
ঝেলাইন,স্ত্রীলোক
ঝেলাইন্তর,স্ত্রীলোকের
ঝেলাইন্তে,স্ত্রীলোকে
ঝেলাজাত,স্ত্রীলোক
ঝেলার,স্ত্রীলোকের
টংগি,বৈঠকখানা
টগরইন,ভ্রমণ করেন
টগরাত,বেড়ানোতে
টগরিবা,বেড়াবেন
টগরে,বেড়ায়
টন্নি,কৌসুলি
টপটা,সিঁড়ি
টবোর,খাড়া
টলোমলো,টলমল
টরেবরে,কোন প্রকারে
টাই,নিকট
টাইট,নির্ঘাত
টাইয়া,ঠাণ্ডা
টাউয়া,ঠাণ্ডা
টাউয়া পানি,ঠান্ডা
টাউলা-টাউলি,ঝগড়া
টাক্কল-দা,হাতির মাহুতের দা
টাগই,কচুুরিপনা
টাঙ্গি,কর্তন যন্ত্র
টাটেমাটে,আড়ম্বরের সংগে
টান আছে,মায়া আছে
টান টিরোট,অভাব অনটন
টানা আছলি,অভাব অনটন
টাবোর,ক্ষুরের
টামাইন,নিষ্পত্তি
টাল,স্তুপ
টিকাউলি,চুনোপুটিঁ
টিপা,টিপ
টিপাই,টিপে
টিপাই টিপাই,টিপে টিপে
টিপি টিপি,আস্তে আস্তে
টিবসই,টিপসহি
টিমটিমা,টইটম্বুর
টেংগর,উঁচুনিচু
টেংগা,কর্কশ
টেংঝেং,দুর্ব্যবহার
টেংরা,খারাপ লোক
টেকই,টুনটুনি পাখি
টেকর,ঠুয়া
টেকা,টাকা
টেকা পয়সা,টাকাপয়সা
টেকাগুইন,টাকাগুলো
টেকি,টুনটুনি পাখি
টেগর,ঠুয়া
টেপ দেওয়া,সম্মতি দেওয়া
টেপরা,ফোটা ফোটা
টেবরা,ফোটা
টেরা,দোষ ধরা
টুনকি,ঠুনকো
টুমা,টুকরো
ঠকাইছন,ঠকিয়েছেন
ঠকাইছুন,ঠকানো হয়েছে
ঠগামি,প্রতারণা
ঠরো,দাঁড়াও
ঠশ,ফাঁপা
ঠাইট,নির্ঘাত
ঠাইত মরা,নিশ্চিত মরা
ঠাইন,থেকে
ঠাইয়া,ঠান্ডা
ঠাইয়া বয়ার,ঠান্ডা বাতাস
ঠাওয়ানো,সঠিকভাবে রাখা
ঠাওরানো,সঠিকভাবে রাখা
ঠাকরাইন,ঠাকুরনি
ঠাকুভাই,বড়ভাই
ঠাকুরভোগ,একপ্রকার সরু ধান
ঠাট্টমারি,উচ্চস্বরে
ঠাঠা,বজ্রপাত
ঠাঠামিছা,নির্ঘাত মিথ্যা
ঠান্ডাগু,ঠান্ডাগুলো
ঠান্ডি পোলাও,পান্তা ভাত
ঠানামান,অঙ্গভঙ্গি
ঠানি,স্থান
ঠামানো,সঠিকভাবে রাখা
ঠামানি,সঠিকভাবে রাখা
ঠার,টের
ঠারেঠারে,অনুমানে
ঠারঠুর,টের
ঠারপায়,টের পায়
ঠিলু,মাথার খুলি
ঠুই,খিলি
ঠুকামারা,ঠোকামারা
ঠুয়া,আঙ্গুলের মৃদু আঘাত
ঠেং,পা
ঠেংদি,পা দিয়ে
ঠেইকা,দায় পড়া
ঠেকা,আটক
ঠেংগো,পায়ে
ঠেঙ্গা,লাঠি
ডনকা,ডংকা
ডনকাত,ডংকায়
ডন্ড পওর,দন্ড প্রহর
ডন্ডি,দন্ড
ডম,ডোম
ডর,ভয়
ডরা,ভয়ার্ত
ডরাইয়ো,ভয় করো
ডরি,মাছ ধরার ফাদ
ডরোর,ভয়ের
ডলু,এক ধরনের বাঁশ
ডহর,নদীর গভীরতম স্থান
ডাইকবা,ডাকবে
ডাইনের সীতারা,অশুভ কাল
ডাউংশা,কনুই দিয়ে আঘাত
ডাউকরা,ডাক দেয় যে
ডাকবা,ডাকবে
ডাকবায়,ডাকবে
ডাকরা,ডাকছে
ডাকানি,তাড়ানি
ডাকিতরা,ডাকছে
ডাকিতরায়,ডাকছো
ডাট,শক্ত
ডাটা অইয়া,শক্ত
ডাট্টা,শক্ত
ডাবিন,নৌকার দাঁড়
ডাম,ছোট পাটি
ডামদি,চাটাই দিয়ে
ডাংগর,বড়
ডাংশা,কনুই দিয়ে আঘাত
ডিগরা,ঘাস খাওয়ার জন্য পশু বেঁধে রাখার দড়ি
ডিগি,আবদ্ধ রাখা
ডিঙ্গামানিক,কলার নাম
ডিট,কুদৃষ্টি
ডিপা,ছিপি
ডিবি,কৌটা
ডিমাক,দেমাক
ডিমাকো,দেমাকেতে
ডিয়াইয়া,ডিঙিয়ে
ডুওর,তূলা
ডুগডুগা,কচি
ডুগি,ডাটা
ডুপি,ঘুঘু পাখি
ডুম,ডোম
ডুৃম ডুকলা,নীচুজাত
ডুমনি,ডোমের স্ত্রী
ডুলানি,সরানো
ডেউয়া,ভেকল
ডেকা,ষাঁড় বাছুর
ডেকি,মাদি বাছুর
ডেঙ্গা,ডাঁটা
ডেম,চারা
ডেমা,বংশধর
ডেমী,অপ্রাপ্তবয়স্ক মুরগি
ডেরা,ছাউনি
তং,কম
তই,তারপর
তইছা,তেমন
তইসন,তদ্রূপ
তইসাকা,তেমন
তউলিয়া,পরীক্ষা করা
তকব্বরি,গর্ব করা
তখতা,কাঠ
তখনকু,তখন
তখরচাত,বাজে খরচ
তছবির,ছবি
তছলা,পাতিল
তকি,টুপি
তকিত,অনুসন্ধান
তকিতকরি,সন্ধান করি
তক্কু ছক্কু,বোকা
তজুর,বিক্রম
তত,এত
ততবইল,এত সময়
তথ,তথ্য
তথা,ওখানে
তন,দেহ
তনদুরস্তি,সন্তুষ্টি
তনাই,শরীর
তনাইত,শরীরে
তনাইপাত,শরীর পাত
তনু,দেহ
তনে,থেকে
তফন,লুঙ্গি
তবন্দ,লুঙ্গি
তম্বুর করা,স্তুপ করা
তমুলী,মূলতবি
তমেত,বদনাম
তয়,সন্ধান
তয়মূল,তত্ত্ব
তয়লয়া,সন্ধান করা
তয়াংগর,অবস্থাপন্ন
তয়াকুলি,অদৃষ্টনির্ভর
তরপার,নষ্ট
তরা,পার হওয়া
তরাতড়ি,তাড়াতাড়ি
তরাস,ভয়
তরাসী,ত্রাসে
তরে,তোকে
তল,নিচ
তলগ,পর্যন্ত
তলপানি,পাতলা কাথা
তলুয়া,অধীনস্থ
তলেদি,নিচ দিকে
তড়ে দিয়া,স্থলপথ দিয়ে
তসতরি,পিরিচ
তড়,তট
তড়পানি,ছটফট করা
তড়াতড়ি,তাড়াতাড়ি
তা,গুলি
তাই,সে (স্ত্রী)
তাইজ্জুব,অবাক
তাইন,তিনি
তাইনও,তিনিও
তাইন তাইন,তারা
তাইয়ার,তৈরি
তাইর,তার(স্ত্রী)
তাইশ,তাগাদা
তাইশে,তাগাদায়
তাওয়ে ভাওয়ে,দম্ভভরে
তাগদা,তাগাদা
তাগড়া,জবরদস্ত
তাগা,কালো সুতা
তাজ,মুকুট
তাজাতনা,হৃষ্টপুষ্ট
তাতই,তাতে
তাততনে,তা হতে
তাতনে,তা হতে
তাথো,তার থেকে
তান,তাঁর
তানা,কাপড় বুনানোর জন্য সুতার তানা
তাপ,জ্বর
তাফোরকানা,বোকা
তাব,ক্ষমতা
তাবান,সেক গ্রহণ করা
তাবিশে,অতিশয্যে
তামচা,থাপ্পড়
তামাদি,শেষ
তামাম,শেষ
তামুক,তামাক
তারবাদে,তারপরে
তারবায়দি,তারদিকে
তারার,তাদের
তারাররু,তাদেরই
তারারে,তাদেরকে
তারিপ,সুনাম
তালাব,পুকুর
তালাবি,খোঁজ নেয়া
তালাবী,সেবা সুশ্রূষা
তালু চুলাইল,ন্যাড়া
তালু ডুলাইল,ন্যাড়া
তালেবর,ধনী
তাড়,ভাত নাড়ার চামচ
তিক,জিদ
তিনকালোর,তিন কালের
তিনগাড়া,তিনভাবে
তিনচিনি,তিন পুরুষ
তিনোতরায়,তাড়াতাড়ি
তিফিল,অবুঝ
তিয়াইতর,তাদের
তিয়াগ,ত্যাগ
তিয়ার,প্রস্তুত
তিয়ার তার,প্রস্তুত
তিয়াস,পিপাসা
তিয়াসি,পিপাসা
তিরবুবন,ত্রিভুবন
তিরি,স্ত্রী
তিরিগন,স্ত্রীগণ
তিরুট,ত্রুটি
তিরুটিয়া,রক্ত
তিলিছমাতি,তেলেছমাতি
তিলোতরা,তাড়াতাড়ি
তিসকারে,ঘৃণায়
তুকা,খোঁজ
তুকাও,খোঁজ কর
তুকাইন,খোঁজ করা
তুকাইয়া,খুঁজে
তুকাইরা,খোঁজ করছেন
তুকাইলা,খুঁজলেন
তুকাউকা,খুঁজুন
তুক্কা,ঢিল
তুকাতুকি,খোঁজাখুজি
তুকানি,খোঁজ করা
তুকায়,খোঁজ করে
তুখুমকরি,রাগ করে
তুখোম,শৌর্য
তুজরবা,শক্তিমত্তা
তুঝ,স্তুপ
তুমরার,তোমাদের
তুমার,তোমার
তুমালাকান,তোমার মত
তুলকাটি,মানদন্ড
তুড়লা,ধ্বংস করলো
তে,যে
তেইন,তিনি
তেউ,তাই
তেউবুলে,তারপর
তেও,তাহলেও
তেওতে,তাতে
তেওতো,তবুও
তেকি,তাতে কি
তে-কেনে,তবে কেন
তেগিয়া,তারপর
তেছরাইল,তীর্যক
তেজরতি,ব্যবসা
তেজা,ত্যাগ করা
তেজাইল,তেজস্বর
তেজিমু,ত্যাগ করবো
তেজিতা,ত্যাগ করতেন
তেতই,তেঁতুল
তেনদর,ত্যাঁদড়
তেনা,ন্যাকড়া
তেপথি,তিন রাস্তার সঙ্গমস্থল
তেপি,তাহলে
তেমকানি,তেমনি
তেমনে,তেমনিভাবে
তেলচুরা,তেলাপোকা
তেলাল,তেলওয়ালা
তেলিগাম,টেলিগ্রাম
তেয়ার,তৈয়ার
তেড়া,ব্যাঁকা
তেড়াবেড়া,ব্যাঁকাতেড়া
থই,রাখি
থইওড়ি,রেখে
থইওড়ো,রেখে দেন
থইছে,রেখেছে
থইতাম,রাখতাম
থইবার,রাখার
থইয়া,রেখে
থইরাক,রেখে দাও
থইল,রাখিল
থউকা,রাখুন
থও,রাখ
থয়,রাখে
থয়া,রাখা
থরাখমু,রেখে দেব
থরপনি,কাপুনি
থল,স্থল
থড়িয়া,নাক
থাইব থুইব,সঞ্চিত সম্পদাদি
থাউক,থাকুক
থাকইন,থাকেন
থাকউক,থাকুক
থাকবা,থাকবে
থাকবায়,থাকবে
থাকবায়নি,থাকবে নাকি
থাকবোনি,থাকবে নাকি
থাকানি,নিভানো
থাকি,থেকে
থাংগিদার,আশ্রয়দাতা
থাতিদায়,চোরের আশ্রয়দাতা
থান,স্থান
থানখান,স্থানটা
থাবড়া,থাপ্পড়
থাবা,বাঁশের বেতের ঝুড়ি
থাবাদি,হাত দিয়ে আঘাত
থাব্বই,সবগুলো
থাবুখালি,কথা বন্ধ হয়ে যাওয়া
থাবোর,পর্যুদস্ত
থামানি,থামানুয়া
থাসা,নির্ঘাত
থির,স্থির
থুই,রেখে
থুওয়া,রাখা
থুক,থুথু
থুনি,খোঁটা
থুবাইয়া,কুঁড়িয়ে
থুড়া,অল্প
থুড়া থুড়া,অল্প অল্প
থুড়া রওম,সামান্য দয়া
দইনালি,দখিনা বাতাস
দইয়ল,দোয়েলপাখি
দউখনর,দক্ষিণের
দউখনাল,দখিনা
দউখনেদি,দক্ষিণ দিকে
দউরো,দরিয়ায়
দউলত,ধন
দখিন,দক্ষিন
দগল ফছল,এদিক সেদিক
দপকি,হুমকি
দমকা,ইটের ভাটা
দমদমা,নর্দমা
দমলও,থাম
দয়দিকে,দু'দিকে
দরওয়ানি,দ্বার রক্ষক
দরবার,ঝগড়া
দরমা,ঘরের আড়া
দরাজ,দরজা
দরিন্দা,জলীয়
দরিয়াপ,আন্দাজ
দলই,দলপতি
দলছাবা,ঘাস পরিষ্কার
দলান,দালান
দশোর,দশের
দহলিজ,বৈঠক খানা
দড়,শক্ত
দড়া,দড়ি
দড়ানি,শাসন করা
দা,দাদা
দাই,ধাত্রী
দাইমা,ধাত্রী্মা
দাইর,বাঁরান্দা
দাও,সুযোগ
দাওয়াই,ঔষধ
দাএত,দায়ে
দাগদুম,চিহ্ন
দাঁত নিকটাই,দাঁত বের করে
দাঁতলা,হাতি (পুং)
দাদ,প্রতিশোধ
দাদনি,প্রতিশোধ
দাদার উমরি,পিতামহের বয়সী
দাদারকালি,পিতা্মহলের আমলের
দাদুর দাদ,প্রতিশোধ
দান জেঝ,যেৌতুক
দানা,মুরুব্বি
দানাই,আক্কেল
দানাবিনা,মাতব্বর
দাপন,আয়না
দাপনা,বেড়া
দাপর,দাপট
দাবরহাব,প্রভাব
দাবরায়,ধমকায়
দামদর,দর কষাকষি
দামড়ি,পয়সা
দামা,ষাঁড়
দামান,জামাতা
দায়মুল,নির্ঘাত ভাবে
দারমুজেরগুড়া,বিষাক্ত চূর্ণ
দারি,ধমক
দারু,ঔষধ
দারুকুটা,জালানির লাকড়ি
দারে,পাশে
দাড়কিনা,ডানকান মাছ
দাড়াদিপ,সঠিক পথ
দাড়ুয়ায়,দাড় বাহকে
দি,দিয়ে
দিগদারি,কষ্ট
দিঘলী,দিকে
দিছইন,দিয়েছেন
দিছলা,দিয়েছিলেন
দিছলায়,দিয়েছিলে
দিছলায়নি,দিয়েছিলে নাকি
দিতরা,দিচ্ছেন
দিতো,দিবে
দিতো নায়,দিবেনা
দিনতো গইয়া,দিন গত হয়ে
দিনমুয়া,দিনের মতো
দিনো,দিনে
দিবায়,দিবে
দিয়া,দিয়ে
দিয়ারো,এলাকায়
দিয়োটা,দুইটা
দিরং,দেরি
দিরংগো,দেরি
দিরাম,দিচ্ছি
দিল,হৃদয়
দিলতনে,মন থেকে
দিলদার,প্রাণখোলা
দিল দোষর,মন্দভাগ্যের
দিলা,দাও
দিলাইছইন,দিয়েছেন
দিলাউকা,দিয়ে দিন
দিলাও,দিয়ে দাও
দিলায়,দিয়ে দেয়
দিলেজানে,মনে প্রাণে
দিশা,দিক
দুইআত,দুইহাত
দুইপরি,দুপুর
দুইপরিবালা,দুপুরবেলা
দুকলা,দুজন
দুকাউরা,খোঁজ নেওয়ার লোক
দুকান,দোকান
দুগু,দুইটি
দুচুমুচু,ফাঁকি
দুছ,বন্ধু
দুছত,দোস্ত
দুছছার,দুস্থিদার
দুধালী,দুধ দেয় যে
দুধের তিফিলা,দুধের শিশু
দুনা,দ্বিগুণ
দুনাদুনি,দ্বিগুণ
দুন্দোলী,দ্বন্দ লাগায় এমন মহিলা
দুপরা,দুর্বা
দুপদান,দুর্বাধান
দুবড়া,দুর্বা
দুবারি,দ্বিতীয়বার
দুমাই,দ্বিগুণ
দুমালা,দুতালা
দুয়াই,দোহাই
দুয়াই দারু,ঔষধপত্র
দুয়াই ফসাদ,আর্তনাদ
দুয়ার,দরজা
দুয়ারা,পুনরায়
দুয়ারায়,ভালোমন্দে
দুয়ারিয়া,দ্বিতীয়বার
দুয়াল,ঢালু
দুরই,দূরে
দুলি,মাদি কচ্ছপ
দুলোভর,আদরের
দুলোভর ধন,আদরের ধন
দেইন,দেন
দেইড়া,বাড়তি
দেউখকা,দেখুন
দেউকা,দেন
দেউরা,দেওয়ার লোক
দেউড়ি,দরজা
দেউড়ির গালাত,সিংহদ্বারের কাছে
দেও,দাও
দেখইন,দেখেন
দেখইছাইন,চেয়ে দেখেন
দেখছাইন,চেয়ে দেখো
দেখরু,দেখছে
দেখাইল,দেখালো
দেখাত,দেখতে
দেখিলাইছইন,দেখেছেন
দেপতা,দেবতা
দেবা,বজ্র
দেয়ার,দেহের
দেরাজ,আলমারি
দেরি,অতিরিক্ত
দেরেগ,আবেগ
দেলাইলে,দিয়ে ফেললে
দেড় আলি,দেড় হালি
দেড়িয়া,বাড়তি
ধইন,ধন্য
ধইরল,ধরলো
ধইলা,ধরলেন
ধন ছামান,ধনসম্পদ
ধনিয়ে,ধনবানে
ধনে দুয়ারায়,ধনসম্পদে
ধম্বইল,কোস্তাকুস্তি
ধয়,ধোয়া
ধরইন,ধরেন
ধরকরি,হঠাৎ
ধরকরি মট্টারি,হঠাৎ
নউখ,নখ
নউচ,অশুনী লাগা
নকর,চাকর
নক্তা,পশুর নাক বাধার রশি
নছক,শিক্ষা
নছিব,ভাগ্য
নছিবেতে,ভাগ্যে
নছোক,শাস্তি
নজুম,জ্যোতিষী
নজুল,মন্দ কাজ
নটি,দুশ্চরিত্রা
নতিজা,প্রতিশোধ
নতোর কথা,আসল কথা
নবগর,নবগ্রহ
নবলক্কি,নয় লক্ষ
নয়নোর আছাছ,চোখের তৃপ্তি
নরইন,নড়েন
নরেন,নড়ুন
নসবনামা,বংশলতিকা
নহাতি,নয় হাত লম্বা
নরদানা,একপ্রকার খেলার ঘুটি
নাই,নাভি
নাইকল,নারিকেল
নাইতে বেলা,গোসলের সময়ে
নাই-নাকিছতোর,দীনহীনের
নাই নিগুড়,নির্জন
নাইরল,নারিকেল
নাইর,নাইওর
নাইল্যাপাতা,পাট শাক
নাও,নৌকা
নাও বাইছা,নৌকার মাঝি
না করা,নিষেধ করা
নাককুয়া,নাকি সুরে কথা বলে যে
নাকা,পশুর নাকে লাগানো হয়
নাকারি,ভুল খোজা
নাকারিত,নাকে
নাকাল,মতো
নাকেদি,নাক দিয়ে
নাগর,প্রেমিক
নাগাছি,বাদক
নাগারছি,বাদ্যকর
নাচইন,নাচেন
নাটামাল,নষ্ট মাল
নাঠা,খারাপ
নাতুংতুগা,ঢলাঢলি
নাতিনশায়,নাতিনাতকুর
নাথাউক,না থাকুক
নাদান,দুষ্ট
নাদারচ,অভাব
নানি,নাকি
নাপ,পরিমাপ
নাপাউরে,ভুলেনা
না-বুঝ,অবুঝ
নামরদ,নপুংসক
পঅর,আলোকিত
পই,প্রবাদ বাক্য
পইছম,পশ্চিম
পইছমে,পশ্চিমে
পইটে পইটে,পড়তে পড়তে
পইর,পাপড়ি
পইরায়া,পরিধান করে
পইলকুর,প্রথমবারের
পইলকু পইলকু,প্রথম প্রথম
পইলা,প্রথমে
পইলো,পড়লো
পইলোয়ান,পালোয়ান
পউল উমারি,প্রথম বয়স
পক্ত,পরিপক্ক
পগা,বোকা
পচাগন,বদনাম
পচিনা,ঘাম
পছতানি,আফসোস করা
পছতায়,আফসোস করে
পছমাইলা,পশ্চিমা
পছলা,পৌঁছলেন
পছলা যিবলা,যখন পৌঁছলেন
পছিছে,পৌঁছেছে
পছিম,পশ্চিম
পছিয়া,পৌঁছে
পছে,পৌঁছে
পছোন,পছন্দ
পটাইন,চাউলের পাত্র
পতরো,পাতা
পতা,সেহরি
পতাবালা,শেষ রাত
পতারখানি,সেহরির খাওয়া
পতে,পাতি
পথঠার,পথ সন্ধান
পথতুয়া,পথিক
পদানি,অনীহা প্রকাশ
পদুম,পদ্ম
পনথে,পথে
পনা,ছানা
পয়গাম,আলাপ
পয়টিতে,প্রবেশ করতে
পয়টিতো,লাগতো
পয়দা,সৃষ্টি
পয়বিল,প্রবেশ করা
পয়মল,বিনষ্ট
পয়মাল,দুষ্ট
মঅল,মহল
মই,মাসি
মইচ,মরিচ
মইন,মানিক
মইম,মসৃণ
মইমা,মহিমা
মইয়াল দলিয়া,দলিত মলিত করে
মইরে,মরিলে
মইল,ময়লা
মইলা,মারা গেলেন
মইশ,দলিত করে
মইশ মর্দনদি,দলিত মলিত করে
মউত,মৃত্যু
মউতা,মৃত ব্যক্তি
মউয়া,খালু
মউর,মামা শ্বশুর
মকই,ভুট্টা
মইয়াল,জমিতে মই দেয় যে
মক্কর,গোলযোগ
মক্কর ধান্ধা,চাল-চলন
মকা মাছ,মলা মাছ
মগা,বোকা
মচ্ছিদ,মসজিদ
মছলে,মজলে
মছিবত,মুসিবত
মছিফত,মুসিবত
মছিফত গিরিল,বিপদ মুসিবত উপস্থিত হলো
মছুম,মৌসুম
মছুমো,মৌসুমে
মছুমে মছুমে,মৌসুমে মৌসুমে
মজাইল,পঁচানো
মজাইল গুয়া,পঁচানো সুপারি
মটট,বোঝা
মতলব,দুরভিসন্ধি
মর্দমী,বাহাদুরি
মনগুমানী,অহংকারী
মনছুছ,উদভ্রান্ত লোক
মনরতুনে,মন থেকে
মনাফিক,মুনাফেক
মনারা,প্রচার
মনো অতা ধুনি,মনে মনে চিন্তা করে
মনো পাংলা,ভাবলো
মনোর অবাছ,আফসোস
মনোর জুগান,মনের তাগিদ
মনো লাকান,মনের মতো
ময়ছর,যোগাড়
ময়াল,ভাড়ার
মরগ,মড়ক
মরছইন,মরেছেন
মরছর,মরিচের
মরছাগুড়,খেজুরের গুড়
মরমরা,শুষ্ক প্রায়
মরুয়া,মৃত
মলই,মৌলভী
মলইছাব,মৌলভীসাহেব
মলতালাবো,মহলের পুকুরে
মলার,মহল
মশইর,মশারি
মশনি,রৌশন
মশোগতি,পরিশ্রমের
মাং,স্ত্রী  যোনি
মাংগইন,প্রার্থনা করেন
মাংগি,প্রার্থনা করি
মাই,মা
মাইজলা,মধ্যের
মাইঞ্জন,মর্যাদা
মাইঞ্জা,মাঞ্জা
মাইঞ্জানি,মাঁজা
মাইঞ্জার,বৃহৎ ঢেউয়ের
মাইতা,কথা বলে
মাইতা বুইলা,কথাবার্তায়
মাইনালা,মানি লোক
মাইমল,জেলে সম্প্রদায়
মাইর,আঘাত
মাইরত,রহস্য
মাইরল,মারামারিতে দক্ষ
মাইল,মৃত্যু
মাইল বাজল,বিড়ম্বনা
মাউগ,স্ত্রী
মাউগা,স্ত্রৈণ
মাউগরা,ভিক্ষুক
মাউগো,স্ত্রী
মাউচ্ছা,মাছ বিক্রেতা
মাউছছম,মহোৎসব
মাউত,মাহুত
মাউয়ালি,বেখবর
মাকাল,বোকা
মা-খাওয়া,মাতৃহীন
মাগনা,বিনামূল্যে
মাগনা মাগনা,বিনামূল্যে
মাছিয়ারা,মাছধরা
মাছুয়া,মাছ বিক্রেতা
মাছুরাখাল,মাছরাঙা
মাঝেনু,মধ্যেতে
মাঞ্চাতোর,বিবেকের
মাটির চাকা,মাটির চাকতি
মাটির চাঁ,মাটির চাকতি
মাঠুগুয়া,ভেজা সুপারি
মাত,কথা
মাতইন,কথা বলেন
মাতউকা,কথা বলুন
মাতছইন,কথা বলেছেন
মাতছে,কথা বলেছে
মাতরা,কথা বলছেন
মাতরি,বাচাল (স্ত্রী)
মাতলা,মত্ত হওয়া
মাতলে,কথা বললে
মাতাবুলা,কথাবার্তা
মাতিমাত,কথা বলে
মাতু,বাতাবিলেবু
মাতোবুলো,কথাবার্তায়
মাতে না,কথা বলে না
মাতেয়ান,মাতোয়ারা
মাথাল,শেষ সীমা
মাধানয়াই,মাথা নিচু করে
মাদান,দুপুর
মাদানিবালা,মধ্যাহ্নবেলা
মাদাবিয়ালী,প্রসবকারিণী
মানজা,ঘষা
মানদা,খারাপ
মানমু,মানবো
মানিন্দও,সম্মানীত
মানু,মানুষ
মানুনি,মানুষ কি
মানু মেলিত,মানুষের সমাজে
মানে,মানুষে
মাফি,মাফ
মাফি দিবা,মাফ করবেন
মামলত,উদ্দেশ্য
মামলতোর,বিষয়ের
মায়মানোতা,ভক্তি
মায়াদার,মমতা সম্পন্ন
মায়ামোর,ধানের গোলার
মারইন,মারেন
মারা খাইছইন,মারা গেছেন
মারি থইছে,মেরে রেখেছে
মারিলা,মেরে ফেলো
মারিলাই,মেরে ফেলি
মারিলাইলা,মেরে ফেলেছেন
মারিলাও,মেরে ফেলো
মারিলাউকা,মেরে ফেলুন
মারিলিতি,মেরে ফেলতে
মাল মত্তা,মাল মসলা
মালুম,অনুমান
মাশুর,প্রচার
মাসুরা,মাসোহারা
মাড়ইল,মেরুদন্ড
মিছা,মিথ্যা
মিছাল,উদাহরণ
মিঠা,মিষ্টি
মিঠাই,মিষ্টি
মিনা,নিষিদ্ধ
মিয়াইয়া,মিশিয়ে
মিয়াইল,মেশানো
মিরকা,মৃগেল মাছ
মিরগা,মৃগেল মাছ
মির মিরাইয়া,মিটমিট করে
মিরাস,জমি - জমা
মিরাসদার,জমিদার
মিরাসবায়,জমি জমার মধ্য দিয়ে
মিলাইন,মিলানো
মিলাইল,মেশানো
মুখা,দিকে
মুখাল,মুখর
মুখেদি,মুখ দিয়ে
মুগইর,মুগুর
মুচকাই মুচকাই,মুচকি মুচকি
মুচমুচকাইয়া,মুচকে হেসে
মুছ,মোঁচ
মুছ আতানি,গোঁফে তা দেওয়া
মুছদ্দর,মামলাগার
মুছর,যোগাড়
মুছলত,পরামর্শ
মুছিবত,বিপদ
মুছিবতের যেগা,বিপদের স্থান
মুজি,মুদে
মুত,মূত্র
মুতা,প্রস্রাব করা
মুতাত,প্রস্রাবে
মুতি,প্রস্রাব করা
মুদ্দত,জীবন
মুনি,পুরুষ
মুনিন,মানুষ
মুনি মানষর,পুরুষ লোকের
মুফত,বিনামূল্যে
মুর,তলদেশ
মুরত,ক্ষমতা
মুরতা,গাছ বিশেষ
মুরদা,মৃত
মুরন,সুপারি চূর্ণ করার চুঙ্গা
মুরা,বাঁক
মুরো,নিচে
মুড়,গভীরতা
মুড়কর,পদাঘাত
মুড়া,শিকড়
মুড়াইল,মুড়ানো
মুড়াচা,পাগড়ি
মুড়ান,চেঁচে দেওয়া
মুড়ো,মাথায়